raw_file,file_accession,file_size_bytes,published_checksum,sample_id,unit_id,biological_replicate,technical_replicate,fraction,hla_class,hla_genotype,genotype_status,n_alleles,instrument,organism,tissue,disease,source_evidence,join_status,eligible,exclusion_reason
UPN01_class_I_Rep1.RAW,99a68e4eb6f7bba1bcf109d32c6cd6f32188c6bde51b8f6cd371cd3534a87021,506724235,6b9793d40590e457d47933568d82f16d7c9e8eb3,UPN01_classI,UPN01,1,1,1,I,HLA-A*02:01;HLA-A*11:01;HLA-B*39:01;HLA-B*40:01;HLA-C*03:04;HLA-C*12:03,COMPLETE,6,LTQ Orbitrap XL,Homo sapiens,peripheral blood,chronic lymphocytic leukemia,W6/32 (pan-HLA class I),EXACT,yes,
UPN01_class_I_Rep2.RAW,bcad0579833ed60a5744b06d8cff2888455539e648dc96a75293ca893263e8ac,555310937,93775970c76cb9ea8d2f0638652bc4a6d6e1a152,UPN01_classI,UPN01,1,2,1,I,HLA-A*02:01;HLA-A*11:01;HLA-B*39:01;HLA-B*40:01;HLA-C*03:04;HLA-C*12:03,COMPLETE,6,LTQ Orbitrap XL,Homo sapiens,peripheral blood,chronic lymphocytic leukemia,W6/32 (pan-HLA class I),EXACT,yes,
UPN01_class_I_Rep3.RAW,a3b69c00a2a3d477e32e6b0b2f74d80c920e4a110e7944541ee9c06c06a0fa93,528916181,7dd2eb3f32c20901cbec57882741a7ac493fa9b3,UPN01_classI,UPN01,1,3,1,I,HLA-A*02:01;HLA-A*11:01;HLA-B*39:01;HLA-B*40:01;HLA-C*03:04;HLA-C*12:03,COMPLETE,6,LTQ Orbitrap XL,Homo sapiens,peripheral blood,chronic lymphocytic leukemia,W6/32 (pan-HLA class I),EXACT,yes,
UPN01_class_I_Rep4.RAW,e9cb95c34b183703ed735da91572d4b6a3a2b6a701a8f722e7b2361d70a0e89f,518157825,37fc1b86b594d492ee737293d684552e2af693ab,UPN01_classI,UPN01,1,4,1,I,HLA-A*02:01;HLA-A*11:01;HLA-B*39:01;HLA-B*40:01;HLA-C*03:04;HLA-C*12:03,COMPLETE,6,LTQ Orbitrap XL,Homo sapiens,peripheral blood,chronic lymphocytic leukemia,W6/32 (pan-HLA class I),EXACT,yes,
UPN01_class_I_Rep5.RAW,5f8c50cc5d79af7ca1bf619b4e6f258aee376f8125bb9e61a68f980a4ee3c468,516596938,7d3e1afc707593dc54cc1c25182dbc74f071d25a,UPN01_classI,UPN01,1,5,1,I,HLA-A*02:01;HLA-A*11:01;HLA-B*39:01;HLA-B*40:01;HLA-C*03:04;HLA-C*12:03,COMPLETE,6,LTQ Orbitrap XL,Homo sapiens,peripheral blood,chronic lymphocytic leukemia,W6/32 (pan-HLA class I),EXACT,yes,
UPN01_class_II_Rep1.RAW,80755cf610c7cc641e2808b837776e60680e14acd4ae3275d95b02b74f20d08a,701623838,e07b39eec17aa21e25376d4d41daf48f9b198970,UPN01_classII,UPN01,1,1,1,II,HLA-A*02:01;HLA-A*11:01;HLA-B*39:01;HLA-B*40:01;HLA-C*03:04;HLA-C*12:03,NA,,LTQ Orbitrap XL,Homo sapiens,peripheral blood,chronic lymphocytic leukemia,L243 (HLA-DR);Tue39 (pan-HLA class II),EXACT,no,class II
UPN01_class_II_Rep2.RAW,5d11f4cb45f3fa27f76d09dde823827b8a2e3b95fac5d0210d3710306ebdc694,719498390,f084e54387695e36289fa0346efcc8b1014a559d,UPN01_classII,UPN01,1,2,1,II,HLA-A*02:01;HLA-A*11:01;HLA-B*39:01;HLA-B*40:01;HLA-C*03:04;HLA-C*12:03,NA,,LTQ Orbitrap XL,Homo sapiens,peripheral blood,chronic lymphocytic leukemia,L243 (HLA-DR);Tue39 (pan-HLA class II),EXACT,no,class II
UPN02_class_I_Rep1.RAW,dbdae84a67f87170f16038d1f5c5768905909f2d628db17550689c8d0468ac09,411588080,b7f2ea59fcf4f826c0ffd8252c96ae01f86f08cd,UPN02_classI,UPN02,1,1,1,I,HLA-A*02:01;HLA-B*35:01;HLA-B*39:01;HLA-C*04:01;HLA-C*12:03,PARTIAL,5,LTQ Orbitrap XL,Homo sapiens,peripheral blood,chronic lymphocytic leukemia,W6/32 (pan-HLA class I),EXACT,yes,
UPN02_class_I_Rep2.RAW,7e67924b8d69b08d45782c8ee42aa422b626358f8770235922fdec8df9c2acb3,397286200,8e31f6b9688698ecf3c26daf80e2f0346b43b0c8,UPN02_classI,UPN02,1,2,1,I,HLA-A*02:01;HLA-B*35:01;HLA-B*39:01;HLA-C*04:01;HLA-C*12:03,PARTIAL,5,LTQ Orbitrap XL,Homo sapiens,peripheral blood,chronic lymphocytic leukemia,W6/32 (pan-HLA class I),EXACT,yes,
UPN02_class_I_Rep3.RAW,034e8adb4719541f0c78fc90d42a512642b8f413c944b80d6661ed863718e0ed,399202596,53911160c9d4dcca1e1e10ce38ca0ab9970ac90b,UPN02_classI,UPN02,1,3,1,I,HLA-A*02:01;HLA-B*35:01;HLA-B*39:01;HLA-C*04:01;HLA-C*12:03,PARTIAL,5,LTQ Orbitrap XL,Homo sapiens,peripheral blood,chronic lymphocytic leukemia,W6/32 (pan-HLA class I),EXACT,yes,
UPN02_class_I_Rep4.RAW,bb1fa8940d9b8e800e54ac570de7554a173cdb34bcfa4893ba2db318e39ef4e3,403679198,c3a7be19fc3b5303ce14c45aceedc7f9ad22023f,UPN02_classI,UPN02,1,4,1,I,HLA-A*02:01;HLA-B*35:01;HLA-B*39:01;HLA-C*04:01;HLA-C*12:03,PARTIAL,5,LTQ Orbitrap XL,Homo sapiens,peripheral blood,chronic lymphocytic leukemia,W6/32 (pan-HLA class I),EXACT,yes,
UPN02_class_I_Rep5.RAW,2c27234f861ade7a03e6628cf6474aa85d82829ccdf98c4cceeb9824e6498198,362963262,5982758128c1e5a7e1b523a9dd814b8c55e99733,UPN02_classI,UPN02,1,5,1,I,HLA-A*02:01;HLA-B*35:01;HLA-B*39:01;HLA-C*04:01;HLA-C*12:03,PARTIAL,5,LTQ Orbitrap XL,Homo sapiens,peripheral blood,chronic lymphocytic leukemia,W6/32 (pan-HLA class I),EXACT,yes,
UPN02_class_II_Rep1.RAW,c4a2729b1bf71d0dc194f1f76e491be7f77b039476185e6ac20fa18388c48398,437240952,5a60f93a81f6a65b3241a7e3b9670bcdd291e850,UPN02_classII,UPN02,1,1,1,II,HLA-A*02:01;HLA-B*35:01;HLA-B*39:01;HLA-C*04:01;HLA-C*12:03,NA,,LTQ Orbitrap XL,Homo sapiens,peripheral blood,chronic lymphocytic leukemia,L243 (HLA-DR);Tue39 (pan-HLA class II),EXACT,no,class II
UPN02_class_II_Rep2.RAW,6e1b0576d3d61ef1b848c38f325d5d7e9090c71f4bce18483746de543f83e9df,306592282,a4d8f946008b72149801ae00ebdba3c3ade9d5d1,UPN02_classII,UPN02,1,2,1,II,HLA-A*02:01;HLA-B*35:01;HLA-B*39:01;HLA-C*04:01;HLA-C*12:03,NA,,LTQ Orbitrap XL,Homo sapiens,peripheral blood,chronic lymphocytic leukemia,L243 (HLA-DR);Tue39 (pan-HLA class II),EXACT,no,class II
UPN03_class_I_Rep1.RAW,5fc3b2dc084f86f19abbf592fb2ac29d56a80f404f90447da880c12c756fae72,579392518,fedd71796633d138864e8964f38fb3d3fd6c4a07,UPN03_classI,UPN03,1,1,1,I,HLA-A*25:01;HLA-A*26:01;HLA-B*18:01;HLA-B*38:01;HLA-C*12:03,PARTIAL,5,LTQ Orbitrap XL,Homo sapiens,peripheral blood,chronic lymphocytic leukemia,W6/32 (pan-HLA class I),EXACT,yes,
UPN03_class_I_Rep2.RAW,11886ed983c9b6a69591ea8fd8da435e32e00bfc2fd0829debec93e87b4c8074,522631258,f1a8cbe21fc4e6d04836c21d414cdd36e6dfe1bc,UPN03_classI,UPN03,1,2,1,I,HLA-A*25:01;HLA-A*26:01;HLA-B*18:01;HLA-B*38:01;HLA-C*12:03,PARTIAL,5,LTQ Orbitrap XL,Homo sapiens,peripheral blood,chronic lymphocytic leukemia,W6/32 (pan-HLA class I),EXACT,yes,
UPN03_class_I_Rep3.RAW,79b8b69777e82b69d28b6856a1c1220ffdae7c5afce0791a44bdbcee6b32f0d9,521123012,71590a457d325f03ac85e79b9e2044594c3239b8,UPN03_classI,UPN03,1,3,1,I,HLA-A*25:01;HLA-A*26:01;HLA-B*18:01;HLA-B*38:01;HLA-C*12:03,PARTIAL,5,LTQ Orbitrap XL,Homo sapiens,peripheral blood,chronic lymphocytic leukemia,W6/32 (pan-HLA class I),EXACT,yes,
UPN04_class_I_Rep1.RAW,ac4876e1caa16499daa176932fc3ac1911f4ce80e432b26579313533799c3aa5,630735234,3a2c1ce669566285f7395e1ffa13b47fd2841a25,UPN04_classI,UPN04,1,1,1,I,HLA-A*01:01;HLA-A*24:02;HLA-B*08:01;HLA-B*27:05;HLA-C*02:02;HLA-C*07:02,COMPLETE,6,LTQ Orbitrap XL,Homo sapiens,peripheral blood,chronic lymphocytic leukemia,W6/32 (pan-HLA class I),EXACT,yes,
UPN04_class_I_Rep2.RAW,6b86d89c985fb936ad642bd5e52ad66768fcd73d4c90d4d3769f9c11ac09102e,607167762,a4db6bd192ad31df1df5a65f8171a39c6c24a03f,UPN04_classI,UPN04,1,2,1,I,HLA-A*01:01;HLA-A*24:02;HLA-B*08:01;HLA-B*27:05;HLA-C*02:02;HLA-C*07:02,COMPLETE,6,LTQ Orbitrap XL,Homo sapiens,peripheral blood,chronic lymphocytic leukemia,W6/32 (pan-HLA class I),EXACT,yes,
UPN04_class_I_Rep3.RAW,1daa05996b54e5545825822a66f39f674ce79ac9d5a42bb9b67b681e79ae7b2d,574049548,66966e1ee1351375d398041f5ab91b90ab6b4d13,UPN04_classI,UPN04,1,3,1,I,HLA-A*01:01;HLA-A*24:02;HLA-B*08:01;HLA-B*27:05;HLA-C*02:02;HLA-C*07:02,COMPLETE,6,LTQ Orbitrap XL,Homo sapiens,peripheral blood,chronic lymphocytic leukemia,W6/32 (pan-HLA class I),EXACT,yes,
UPN04_class_II_Rep1.RAW,f12c64eef311eff177049f8eb9bd0d674ba2c86df3b758a85bc7e1e5791a22d1,752698920,c024098a4d6e677561122c58817e5e23cceaa559,UPN04_classII,UPN04,1,1,1,II,HLA-A*01:01;HLA-A*24:02;HLA-B*08:01;HLA-B*27:05;HLA-C*02:02;HLA-C*07:02,NA,,LTQ Orbitrap XL,Homo sapiens,peripheral blood,chronic lymphocytic leukemia,L243 (HLA-DR);Tue39 (pan-HLA class II),EXACT,no,class II
UPN04_class_II_Rep2.RAW,4f362977e1e5a2731eb792cb1c40a945b659143aca0fc0d8981526905174173a,428189728,82faeb942a553292ff4a8a40deabfb9163b6ae5d,UPN04_classII,UPN04,1,2,1,II,HLA-A*01:01;HLA-A*24:02;HLA-B*08:01;HLA-B*27:05;HLA-C*02:02;HLA-C*07:02,NA,,LTQ Orbitrap XL,Homo sapiens,peripheral blood,chronic lymphocytic leukemia,L243 (HLA-DR);Tue39 (pan-HLA class II),EXACT,no,class II
UPN05_class_I_Rep1.RAW,80e5e9fa5aff40bb148143be6055280a81f31bbf87f6402899918dc8c66453fc,450613974,14e925841e0b5530d927ea7f386e7ac7c8d30846,UPN05_classI,UPN05,1,1,1,I,HLA-A*02:01;HLA-A*03:01;HLA-B*18:01;HLA-B*35:01;HLA-C*04:01;HLA-C*05:01,COMPLETE,6,LTQ Orbitrap XL,Homo sapiens,peripheral blood,chronic lymphocytic leukemia,W6/32 (pan-HLA class I),EXACT,yes,
UPN05_class_I_Rep2.RAW,ce629ab5294e5ce346969afeac96cb88aba876909fce9b3412fa7f9de7bb096d,449446142,d45dd8a4e0da5256b434e094db6d63943e4e274e,UPN05_classI,UPN05,1,2,1,I,HLA-A*02:01;HLA-A*03:01;HLA-B*18:01;HLA-B*35:01;HLA-C*04:01;HLA-C*05:01,COMPLETE,6,LTQ Orbitrap XL,Homo sapiens,peripheral blood,chronic lymphocytic leukemia,W6/32 (pan-HLA class I),EXACT,yes,
UPN05_class_I_Rep3.RAW,48ed54d32f93a16848ecc6e9a1853352adb58ab97ecaedf378e4e9e52d7e4c18,449867586,75a2f999b2cb0913a897e347d15e7b499299852d,UPN05_classI,UPN05,1,3,1,I,HLA-A*02:01;HLA-A*03:01;HLA-B*18:01;HLA-B*35:01;HLA-C*04:01;HLA-C*05:01,COMPLETE,6,LTQ Orbitrap XL,Homo sapiens,peripheral blood,chronic lymphocytic leukemia,W6/32 (pan-HLA class I),EXACT,yes,
UPN05_class_I_Rep4.RAW,4f0046137a0b16ad954fac38b716f2120ba2921e280ecbca1002f441aaae615f,448317330,5b9012456a03e421fd1faac4679ba43c46e2aa06,UPN05_classI,UPN05,1,4,1,I,HLA-A*02:01;HLA-A*03:01;HLA-B*18:01;HLA-B*35:01;HLA-C*04:01;HLA-C*05:01,COMPLETE,6,LTQ Orbitrap XL,Homo sapiens,peripheral blood,chronic lymphocytic leukemia,W6/32 (pan-HLA class I),EXACT,yes,
UPN05_class_I_Rep5.RAW,6e62e08cd94be7b1926e4bf5c63bba035942c66b20b9ad5f45e4ecdd7c118622,446188422,1f72ac42103170cab8078d781d87337a1ad0d0be,UPN05_classI,UPN05,1,5,1,I,HLA-A*02:01;HLA-A*03:01;HLA-B*18:01;HLA-B*35:01;HLA-C*04:01;HLA-C*05:01,COMPLETE,6,LTQ Orbitrap XL,Homo sapiens,peripheral blood,chronic lymphocytic leukemia,W6/32 (pan-HLA class I),EXACT,yes,
UPN05_class_II_Rep1.RAW,553c4b22237db40709e04f016a8a3350a6507076fa63d09139f7df311d4d9434,471787056,8e13d982b42c3c4e4ccd6f54ae57e70b91bbe58b,UPN05_classII,UPN05,1,1,1,II,HLA-A*02:01;HLA-A*03:01;HLA-B*18:01;HLA-B*35:01;HLA-C*04:01;HLA-C*05:01,NA,,LTQ Orbitrap XL,Homo sapiens,peripheral blood,chronic lymphocytic leukemia,L243 (HLA-DR);Tue39 (pan-HLA class II),EXACT,no,class II
UPN05_class_II_Rep2.RAW,9deaa899e3b2f4e22209b47a0892ba88c1bbf8fe4a76fe2be169be4f6db378e5,469358644,ceb9eb54f31459b3f28850c823f57eef0d04b999,UPN05_classII,UPN05,1,2,1,II,HLA-A*02:01;HLA-A*03:01;HLA-B*18:01;HLA-B*35:01;HLA-C*04:01;HLA-C*05:01,NA,,LTQ Orbitrap XL,Homo sapiens,peripheral blood,chronic lymphocytic leukemia,L243 (HLA-DR);Tue39 (pan-HLA class II),EXACT,no,class II
UPN06_class_I_Rep1.RAW,9b40cf23e211bd7e9e8205fd38e3d433624bbf787f3bf7f1005bebeb528d0b98,739658587,345b406f87b1272c6bc02ce2e6804fd27a0274a9,UPN06_classI,UPN06,1,1,1,I,HLA-A*03:01;HLA-A*30:01;HLA-B*07:02;HLA-B*13:02;HLA-C*06:02;HLA-C*07:02,COMPLETE,6,LTQ Orbitrap XL,Homo sapiens,peripheral blood,chronic lymphocytic leukemia,W6/32 (pan-HLA class I),EXACT,yes,
UPN06_class_I_Rep2.RAW,40a1892c1292ceb13161f95cdfa26d5c9e3baf62e4f5191a9432383a8dc7c97b,726144026,a4f50309196664c96d716c07928b8764f6f08494,UPN06_classI,UPN06,1,2,1,I,HLA-A*03:01;HLA-A*30:01;HLA-B*07:02;HLA-B*13:02;HLA-C*06:02;HLA-C*07:02,COMPLETE,6,LTQ Orbitrap XL,Homo sapiens,peripheral blood,chronic lymphocytic leukemia,W6/32 (pan-HLA class I),EXACT,yes,
UPN06_class_I_Rep3.RAW,be3a1b9d41ffa6a719d2ec2c850dc0c20c3fd4929f8154b2086b0c5bf2526055,708450100,15959392699a569d4dc44102fe0ccd83c11f10f1,UPN06_classI,UPN06,1,3,1,I,HLA-A*03:01;HLA-A*30:01;HLA-B*07:02;HLA-B*13:02;HLA-C*06:02;HLA-C*07:02,COMPLETE,6,LTQ Orbitrap XL,Homo sapiens,peripheral blood,chronic lymphocytic leukemia,W6/32 (pan-HLA class I),EXACT,yes,
UPN06_class_I_Rep4.RAW,785fac340b031e930a6ddcf4bcfd635485b72df5dc611d60ff192ff8f150724b,700611179,62976e0aa910b3bd501f948ed43403b77f1cab9e,UPN06_classI,UPN06,1,4,1,I,HLA-A*03:01;HLA-A*30:01;HLA-B*07:02;HLA-B*13:02;HLA-C*06:02;HLA-C*07:02,COMPLETE,6,LTQ Orbitrap XL,Homo sapiens,peripheral blood,chronic lymphocytic leukemia,W6/32 (pan-HLA class I),EXACT,yes,
UPN06_class_I_Rep5.RAW,edc745cbf52c8c90e63655a7abd880fc83a006ceab4ab635f8a9d0a7efce55c7,704360079,0747c6731af5179982062cb58af69690e665b697,UPN06_classI,UPN06,1,5,1,I,HLA-A*03:01;HLA-A*30:01;HLA-B*07:02;HLA-B*13:02;HLA-C*06:02;HLA-C*07:02,COMPLETE,6,LTQ Orbitrap XL,Homo sapiens,peripheral blood,chronic lymphocytic leukemia,W6/32 (pan-HLA class I),EXACT,yes,
UPN07_class_I_Rep1.RAW,0a2934786180886a28d2c93f688af2fa5d02c459cb169975bc8e767710f8b648,521763744,a594c90fe57e154b56255eebfcf782f949c112ce,UPN07_classI,UPN07,1,1,1,I,HLA-A*02:01;HLA-A*03:01;HLA-B*07:02;HLA-B*55:01;HLA-C*01:02;HLA-C*07:02,COMPLETE,6,LTQ Orbitrap XL,Homo sapiens,peripheral blood,chronic lymphocytic leukemia,W6/32 (pan-HLA class I),EXACT,yes,
UPN07_class_I_Rep2.RAW,8aa32ce4542e353378baf1f49da71bc2218aa51338f9fd6af0d18379306cea4d,553584364,b6db495d573360994dc28a00e7f35e5be4312ca3,UPN07_classI,UPN07,1,2,1,I,HLA-A*02:01;HLA-A*03:01;HLA-B*07:02;HLA-B*55:01;HLA-C*01:02;HLA-C*07:02,COMPLETE,6,LTQ Orbitrap XL,Homo sapiens,peripheral blood,chronic lymphocytic leukemia,W6/32 (pan-HLA class I),EXACT,yes,
UPN07_class_I_Rep3.RAW,9237eaf65c579ef5bd78a0c12031386161994709139849c791c03645e25b4094,565117646,e44e5ec21bc1128fa2ce309937ee5445bd7acbdd,UPN07_classI,UPN07,1,3,1,I,HLA-A*02:01;HLA-A*03:01;HLA-B*07:02;HLA-B*55:01;HLA-C*01:02;HLA-C*07:02,COMPLETE,6,LTQ Orbitrap XL,Homo sapiens,peripheral blood,chronic lymphocytic leukemia,W6/32 (pan-HLA class I),EXACT,yes,
UPN07_class_I_Rep4.RAW,47131660af0ce600743a1c6c64fd8b47a9558f36c2464b5a9da26502b7859dcc,561426858,708b67e58f5deb9268643848e2d84e6218cf5835,UPN07_classI,UPN07,1,4,1,I,HLA-A*02:01;HLA-A*03:01;HLA-B*07:02;HLA-B*55:01;HLA-C*01:02;HLA-C*07:02,COMPLETE,6,LTQ Orbitrap XL,Homo sapiens,peripheral blood,chronic lymphocytic leukemia,W6/32 (pan-HLA class I),EXACT,yes,
UPN07_class_I_Rep5.RAW,991d8f36e9b3d7ac768cd743c7e878faee9087fc6d414e052bcca85ebda530dc,509365470,5a385a01c30cd669561c6763690f5511fdbad5af,UPN07_classI,UPN07,1,5,1,I,HLA-A*02:01;HLA-A*03:01;HLA-B*07:02;HLA-B*55:01;HLA-C*01:02;HLA-C*07:02,COMPLETE,6,LTQ Orbitrap XL,Homo sapiens,peripheral blood,chronic lymphocytic leukemia,W6/32 (pan-HLA class I),EXACT,yes,
UPN07_class_I_Rep6.raw,a883fb6e44749a6625deda85661c984302c58fbbe43e3b401d44785cc4ff839d,745730690,db9a131f1d3c65015e0bf89c2bf7145e4ed463c6,UPN07_classI,UPN07,1,6,1,I,HLA-A*02:01;HLA-A*03:01;HLA-B*07:02;HLA-B*55:01;HLA-C*01:02;HLA-C*07:02,COMPLETE,6,LTQ Orbitrap XL,Homo sapiens,peripheral blood,chronic lymphocytic leukemia,W6/32 (pan-HLA class I),EXACT,yes,
UPN07_class_I_Rep7.raw,fee3b11fc5d88fc184779a3d3edff5941c3f52f94fe0aa3abc1c520bac177ee0,893865992,984d228022225ab490660bef75ce6b5ee7dd60d3,UPN07_classI,UPN07,1,7,1,I,HLA-A*02:01;HLA-A*03:01;HLA-B*07:02;HLA-B*55:01;HLA-C*01:02;HLA-C*07:02,COMPLETE,6,LTQ Orbitrap XL,Homo sapiens,peripheral blood,chronic lymphocytic leukemia,W6/32 (pan-HLA class I),EXACT,yes,
UPN07_class_I_Rep8.raw,b54185fa0f7dba3011eec56d0ed7c118cf560e5983fd4608a6b9373ece9f97d1,881301144,e8015678a5d2d01715f8002bdeb56aebafcd8026,UPN07_classI,UPN07,1,8,1,I,HLA-A*02:01;HLA-A*03:01;HLA-B*07:02;HLA-B*55:01;HLA-C*01:02;HLA-C*07:02,COMPLETE,6,LTQ Orbitrap XL,Homo sapiens,peripheral blood,chronic lymphocytic leukemia,W6/32 (pan-HLA class I),EXACT,yes,
UPN07_class_I_Rep9.raw,8d71e65be0fe662c26c071a2323fcb2c56ace323f6224f8d43eae910b03e4ed6,885633520,2b0343e83a8de044dd4df473b765e1aeca3a8de9,UPN07_classI,UPN07,1,9,1,I,HLA-A*02:01;HLA-A*03:01;HLA-B*07:02;HLA-B*55:01;HLA-C*01:02;HLA-C*07:02,COMPLETE,6,LTQ Orbitrap XL,Homo sapiens,peripheral blood,chronic lymphocytic leukemia,W6/32 (pan-HLA class I),EXACT,yes,
UPN07_class_I_Rep10.raw,0af1dbf45eb034a8e7cc20dfe76753853d6bd31b8dad4c29d1e8626482333799,878765084,2d4130dc8c56af0e8380393bd69dba0e4a8e35a0,UPN07_classI,UPN07,1,10,1,I,HLA-A*02:01;HLA-A*03:01;HLA-B*07:02;HLA-B*55:01;HLA-C*01:02;HLA-C*07:02,COMPLETE,6,LTQ Orbitrap XL,Homo sapiens,peripheral blood,chronic lymphocytic leukemia,W6/32 (pan-HLA class I),EXACT,yes,
UPN08_class_I_Rep1.RAW,9cc7bf180e12d2f836cb06d932819247b2f4019d62ceef91e67de7e0abcb8c5f,895254414,0fb0a0c04e1f4123a8f64926adef1b35f7cc0bea,UPN08_classI,UPN08,1,1,1,I,HLA-A*01:01;HLA-A*02:01;HLA-B*27:05;HLA-B*37:01;HLA-C*02:02;HLA-C*06:02,COMPLETE,6,LTQ Orbitrap XL,Homo sapiens,peripheral blood,chronic lymphocytic leukemia,W6/32 (pan-HLA class I),EXACT,yes,
UPN08_class_I_Rep2.RAW,4eda4639fe67cef18aea668b5c59a84f4559fcc0ace29dc4195759eb52a936ef,915794270,4cc8be7e00c5376127ceb44a3f123ae829fee0fd,UPN08_classI,UPN08,1,2,1,I,HLA-A*01:01;HLA-A*02:01;HLA-B*27:05;HLA-B*37:01;HLA-C*02:02;HLA-C*06:02,COMPLETE,6,LTQ Orbitrap XL,Homo sapiens,peripheral blood,chronic lymphocytic leukemia,W6/32 (pan-HLA class I),EXACT,yes,
UPN08_class_I_Rep3.RAW,7104e836c5ecbdd6a9530716cdf222b0fb97d0b16e12315ad044878fa736c60c,922314362,88eb07ba6e3b9671da9238674cd4e9ca219da3d5,UPN08_classI,UPN08,1,3,1,I,HLA-A*01:01;HLA-A*02:01;HLA-B*27:05;HLA-B*37:01;HLA-C*02:02;HLA-C*06:02,COMPLETE,6,LTQ Orbitrap XL,Homo sapiens,peripheral blood,chronic lymphocytic leukemia,W6/32 (pan-HLA class I),EXACT,yes,
UPN08_class_I_Rep4.RAW,bd59da5d7f299c8e636c4b280eb0dd02ddaad4a5d7530be2b708155c174256b7,918284646,68b99fc848ea8b9f14732b933c3432a7637eca39,UPN08_classI,UPN08,1,4,1,I,HLA-A*01:01;HLA-A*02:01;HLA-B*27:05;HLA-B*37:01;HLA-C*02:02;HLA-C*06:02,COMPLETE,6,LTQ Orbitrap XL,Homo sapiens,peripheral blood,chronic lymphocytic leukemia,W6/32 (pan-HLA class I),EXACT,yes,
UPN08_class_I_Rep5.RAW,18894e6fb6cc678f0b5ae0443bad41d62135ad2ecc94994708cb479f5ed6d097,904379226,21a7cd885fe10d934efd3fe28cae92621a527d1d,UPN08_classI,UPN08,1,5,1,I,HLA-A*01:01;HLA-A*02:01;HLA-B*27:05;HLA-B*37:01;HLA-C*02:02;HLA-C*06:02,COMPLETE,6,LTQ Orbitrap XL,Homo sapiens,peripheral blood,chronic lymphocytic leukemia,W6/32 (pan-HLA class I),EXACT,yes,
UPN09_class_I_Rep1.RAW,91df69afd3a5adc806a9e054018ec6bfb080befdbb8715e413f832921d289f81,951861930,90d26892dc58f255d1eefe6a57ab2830c29716f5,UPN09_classI,UPN09,1,1,1,I,HLA-A*01:01;HLA-A*02:01;HLA-B*27:02;HLA-B*37:01;HLA-C*02:02;HLA-C*06:02,COMPLETE,6,LTQ Orbitrap XL,Homo sapiens,peripheral blood,chronic lymphocytic leukemia,W6/32 (pan-HLA class I),EXACT,yes,
UPN09_class_I_Rep2.RAW,7d7bc7bd5df76004c9b49ffa41c6c5b3281f3332818c1ac875505ee122920841,983399458,f8135da5e9076ab251ed826a5305e4d275251e63,UPN09_classI,UPN09,1,2,1,I,HLA-A*01:01;HLA-A*02:01;HLA-B*27:02;HLA-B*37:01;HLA-C*02:02;HLA-C*06:02,COMPLETE,6,LTQ Orbitrap XL,Homo sapiens,peripheral blood,chronic lymphocytic leukemia,W6/32 (pan-HLA class I),EXACT,yes,
UPN09_class_I_Rep3.RAW,c359ab3bfa547a739e982ba242e85cb4ffd0c19fa5b6f7e08346db4f89ecfe8b,943069826,3d545221d5030117b7601fe591ae1e6e3d5c01f0,UPN09_classI,UPN09,1,3,1,I,HLA-A*01:01;HLA-A*02:01;HLA-B*27:02;HLA-B*37:01;HLA-C*02:02;HLA-C*06:02,COMPLETE,6,LTQ Orbitrap XL,Homo sapiens,peripheral blood,chronic lymphocytic leukemia,W6/32 (pan-HLA class I),EXACT,yes,
UPN09_class_I_Rep4.RAW,9f1a2ba248fc8833395b3aa90d22fd1b20988ae6aaf2d89b560fcfdb29d3520f,876780422,34d252b17d04b4035856d40bab3b4208714f9880,UPN09_classI,UPN09,1,4,1,I,HLA-A*01:01;HLA-A*02:01;HLA-B*27:02;HLA-B*37:01;HLA-C*02:02;HLA-C*06:02,COMPLETE,6,LTQ Orbitrap XL,Homo sapiens,peripheral blood,chronic lymphocytic leukemia,W6/32 (pan-HLA class I),EXACT,yes,
UPN09_class_I_Rep5.RAW,69c1dd49d176dc3dcaf25a5cd2e16cf5fcff55f7e14f8ecb7c9fcd21b6b14876,849645090,990cac94301681e65ced1f3fd4e91cc172318f66,UPN09_classI,UPN09,1,5,1,I,HLA-A*01:01;HLA-A*02:01;HLA-B*27:02;HLA-B*37:01;HLA-C*02:02;HLA-C*06:02,COMPLETE,6,LTQ Orbitrap XL,Homo sapiens,peripheral blood,chronic lymphocytic leukemia,W6/32 (pan-HLA class I),EXACT,yes,
UPN09_class_II_Rep1.RAW,a5644df0e42b51e11296a9c16aa89933df9ea32b70d3fd6730b26b0c637f3547,790394000,16bebb6a1c6f32a96db0aec32e30a6629194ba63,UPN09_classII,UPN09,1,1,1,II,HLA-A*01:01;HLA-A*02:01;HLA-B*27:02;HLA-B*37:01;HLA-C*02:02;HLA-C*06:02,NA,,LTQ Orbitrap XL,Homo sapiens,peripheral blood,chronic lymphocytic leukemia,L243 (HLA-DR);Tue39 (pan-HLA class II),EXACT,no,class II
UPN09_class_II_Rep2.RAW,483717169d8ff55385fa71c419d170a9d70ec052fed6991a1c503837a997ca9d,795813052,4107c8435f629f5983511c701054c593d1813821,UPN09_classII,UPN09,1,2,1,II,HLA-A*01:01;HLA-A*02:01;HLA-B*27:02;HLA-B*37:01;HLA-C*02:02;HLA-C*06:02,NA,,LTQ Orbitrap XL,Homo sapiens,peripheral blood,chronic lymphocytic leukemia,L243 (HLA-DR);Tue39 (pan-HLA class II),EXACT,no,class II
UPN10_class_I_Rep1.RAW,125461bc2439a99c9182f550177aa5b2717168212cffb95a37ade0aeac680bb0,675241454,d193b00e83e4cbe6fbe3ceb77900aef74977dc18,UPN10_classI,UPN10,1,1,1,I,HLA-A*23:01;HLA-B*49:01;HLA-C*03:04;HLA-C*07:02,PARTIAL,4,LTQ Orbitrap XL,Homo sapiens,peripheral blood,chronic lymphocytic leukemia,W6/32 (pan-HLA class I),EXACT,yes,
UPN10_class_I_Rep2.RAW,9459d33250e278fabe3e8e5de46b0796e1e7b6901caae65787f1dd8169008e98,647302838,020ef629bc03ab2a0a962f9169c8c1b9af191502,UPN10_classI,UPN10,1,2,1,I,HLA-A*23:01;HLA-B*49:01;HLA-C*03:04;HLA-C*07:02,PARTIAL,4,LTQ Orbitrap XL,Homo sapiens,peripheral blood,chronic lymphocytic leukemia,W6/32 (pan-HLA class I),EXACT,yes,
UPN10_class_I_Rep3.RAW,290901b85fedb9ec6e9332e0fe51f220c9802b7d4d048ac107081f2f828062ad,626044690,f5d153aee9383819b75f6772a4b76a5e539a7cdd,UPN10_classI,UPN10,1,3,1,I,HLA-A*23:01;HLA-B*49:01;HLA-C*03:04;HLA-C*07:02,PARTIAL,4,LTQ Orbitrap XL,Homo sapiens,peripheral blood,chronic lymphocytic leukemia,W6/32 (pan-HLA class I),EXACT,yes,
UPN10_class_I_Rep4.RAW,ae19c494eab6a3c2e170efe70aa2b5b1d942611b39f87eb0bc85f7f6f1e64074,623978454,289a7eb1d659c7bb3106e3cb8eaba59bafb70b48,UPN10_classI,UPN10,1,4,1,I,HLA-A*23:01;HLA-B*49:01;HLA-C*03:04;HLA-C*07:02,PARTIAL,4,LTQ Orbitrap XL,Homo sapiens,peripheral blood,chronic lymphocytic leukemia,W6/32 (pan-HLA class I),EXACT,yes,
UPN10_class_I_Rep5.RAW,2a405ef4571056f91dd3a31161016b2af7f4cee8bbb84074a65ab3edad82536f,621485666,e7b35ad9b71a840dc7650592a21755da63318a1e,UPN10_classI,UPN10,1,5,1,I,HLA-A*23:01;HLA-B*49:01;HLA-C*03:04;HLA-C*07:02,PARTIAL,4,LTQ Orbitrap XL,Homo sapiens,peripheral blood,chronic lymphocytic leukemia,W6/32 (pan-HLA class I),EXACT,yes,
UPN11_class_I_Rep1.RAW,054b475bc10c6ae5b632cf4bcd539c973f32e43f7b89eaf3877c5cec687034a0,529077430,b654de2a7ac940f4f6ddc128d0d019821015950b,UPN11_classI,UPN11,1,1,1,I,HLA-A*01:01;HLA-A*68:01;HLA-B*08:01;HLA-B*44:02;HLA-C*07:01;HLA-C*07:04,COMPLETE,6,LTQ Orbitrap XL,Homo sapiens,peripheral blood,chronic lymphocytic leukemia,W6/32 (pan-HLA class I),EXACT,yes,
UPN11_class_I_Rep2.RAW,ee2a72925e157380651bdc729762370315e3ef2a35693fb216bcd15e712a48a4,504060554,1331c8b190bd44c97f6b6710f88fa51868387ad9,UPN11_classI,UPN11,1,2,1,I,HLA-A*01:01;HLA-A*68:01;HLA-B*08:01;HLA-B*44:02;HLA-C*07:01;HLA-C*07:04,COMPLETE,6,LTQ Orbitrap XL,Homo sapiens,peripheral blood,chronic lymphocytic leukemia,W6/32 (pan-HLA class I),EXACT,yes,
UPN11_class_I_Rep3.RAW,aebb398406905210caedd876e02bbb9964b1e32f2002345144fa91616ba51cc1,641678820,3e5ecff9f88fb0f0a07a65ce8900bcdefba306e0,UPN11_classI,UPN11,1,3,1,I,HLA-A*01:01;HLA-A*68:01;HLA-B*08:01;HLA-B*44:02;HLA-C*07:01;HLA-C*07:04,COMPLETE,6,LTQ Orbitrap XL,Homo sapiens,peripheral blood,chronic lymphocytic leukemia,W6/32 (pan-HLA class I),EXACT,yes,
UPN11_class_I_Rep4.RAW,9267ce7bbb2c3b6d6d21972e59752cc96e7909435c0ff9a2d8fff33c9d4e73fe,627284680,49fbf3b94f20cdb36d045b0d4254f60a96763596,UPN11_classI,UPN11,1,4,1,I,HLA-A*01:01;HLA-A*68:01;HLA-B*08:01;HLA-B*44:02;HLA-C*07:01;HLA-C*07:04,COMPLETE,6,LTQ Orbitrap XL,Homo sapiens,peripheral blood,chronic lymphocytic leukemia,W6/32 (pan-HLA class I),EXACT,yes,
UPN12_class_I_Rep1.RAW,70b645dd818f846b406d08283599ac1d18a9148796b3ea921029429e4100d82e,827455968,326e8b4def1f571315efe23baf7030d41007daee,UPN12_classI,UPN12,1,1,1,I,HLA-A*02:01;HLA-A*03:01;HLA-B*40:01;HLA-C*03:04,PARTIAL,4,LTQ Orbitrap XL,Homo sapiens,peripheral blood,chronic lymphocytic leukemia,W6/32 (pan-HLA class I),EXACT,yes,
UPN12_class_I_Rep2.RAW,3683eabeec540e0a67744a949edd2c17794fd223427b45889b1c11846b916a18,805882408,7d4a836109ec586933717f30b11550e9d1adfb4e,UPN12_classI,UPN12,1,2,1,I,HLA-A*02:01;HLA-A*03:01;HLA-B*40:01;HLA-C*03:04,PARTIAL,4,LTQ Orbitrap XL,Homo sapiens,peripheral blood,chronic lymphocytic leukemia,W6/32 (pan-HLA class I),EXACT,yes,
UPN12_class_I_Rep3.RAW,fb594c66b473d2b82f3d882532c0b7ae47c74072b35b4c305f58f9d9e7200a42,821888436,d66b51a5aca3d6822f30818d145040a21f4a063c,UPN12_classI,UPN12,1,3,1,I,HLA-A*02:01;HLA-A*03:01;HLA-B*40:01;HLA-C*03:04,PARTIAL,4,LTQ Orbitrap XL,Homo sapiens,peripheral blood,chronic lymphocytic leukemia,W6/32 (pan-HLA class I),EXACT,yes,
UPN12_class_I_Rep4.RAW,bab93d6b26c3b671654f53dc5cb144f7033a097fea94d1bf5ab02ccbce577264,828367924,11a5132ae7ea54b6e4c8fab0f40dc92daf6efad6,UPN12_classI,UPN12,1,4,1,I,HLA-A*02:01;HLA-A*03:01;HLA-B*40:01;HLA-C*03:04,PARTIAL,4,LTQ Orbitrap XL,Homo sapiens,peripheral blood,chronic lymphocytic leukemia,W6/32 (pan-HLA class I),EXACT,yes,
UPN12_class_I_Rep5.RAW,ccceead5d8a03fb1ea86ecaba665e70efff7ec372272feba1decaf09ca6e3393,808053428,de417b1692a910cdfb9e986649a4525e60fed2c3,UPN12_classI,UPN12,1,5,1,I,HLA-A*02:01;HLA-A*03:01;HLA-B*40:01;HLA-C*03:04,PARTIAL,4,LTQ Orbitrap XL,Homo sapiens,peripheral blood,chronic lymphocytic leukemia,W6/32 (pan-HLA class I),EXACT,yes,
UPN13_class_I_Rep1.RAW,b6ea77e1f7733d9d76085aa29f4eb5439b44f6749d09cfc8231e9377c6aa32ab,657332965,277bb96a110f4a7678ab203d7f7237df9989d24e,UPN13_classI,UPN13,1,1,1,I,HLA-A*01:01;HLA-A*03:01;HLA-B*08:01;HLA-B*51:01;HLA-C*01:02;HLA-C*07:01,COMPLETE,6,LTQ Orbitrap XL,Homo sapiens,peripheral blood,chronic lymphocytic leukemia,W6/32 (pan-HLA class I),EXACT,yes,
UPN13_class_I_Rep2.RAW,6f710e809a88f68fe68b8f9b10fdeff6ce10747266a54b74d7c688e2c94bb348,668820886,5aebf3f91d816eba64457e3257661aea6ed4c191,UPN13_classI,UPN13,1,2,1,I,HLA-A*01:01;HLA-A*03:01;HLA-B*08:01;HLA-B*51:01;HLA-C*01:02;HLA-C*07:01,COMPLETE,6,LTQ Orbitrap XL,Homo sapiens,peripheral blood,chronic lymphocytic leukemia,W6/32 (pan-HLA class I),EXACT,yes,
UPN13_class_I_Rep3.RAW,7c93f612416b1bb56f095cae2be4f3bafdff136c009ce985664586f37a3df2e8,662266435,0788e9895c404467c130aa2937f6d6f30079a9c7,UPN13_classI,UPN13,1,3,1,I,HLA-A*01:01;HLA-A*03:01;HLA-B*08:01;HLA-B*51:01;HLA-C*01:02;HLA-C*07:01,COMPLETE,6,LTQ Orbitrap XL,Homo sapiens,peripheral blood,chronic lymphocytic leukemia,W6/32 (pan-HLA class I),EXACT,yes,
UPN13_class_I_Rep4.RAW,493186f2530446fd6f3e7ef73f995403dfcda2d50761e75a51585c507cad5e94,689036695,90210fa3ed401d3423aed7c227f60e8455c38306,UPN13_classI,UPN13,1,4,1,I,HLA-A*01:01;HLA-A*03:01;HLA-B*08:01;HLA-B*51:01;HLA-C*01:02;HLA-C*07:01,COMPLETE,6,LTQ Orbitrap XL,Homo sapiens,peripheral blood,chronic lymphocytic leukemia,W6/32 (pan-HLA class I),EXACT,yes,
UPN13_class_I_Rep5.RAW,8d71b67ee12c4e4d7fdb3534752ea92fd49eddf2e8e964dba0e0a69e7982329d,682245206,5a8cc593c6b2bd54c4e3dc8427bf31bce87b9c9f,UPN13_classI,UPN13,1,5,1,I,HLA-A*01:01;HLA-A*03:01;HLA-B*08:01;HLA-B*51:01;HLA-C*01:02;HLA-C*07:01,COMPLETE,6,LTQ Orbitrap XL,Homo sapiens,peripheral blood,chronic lymphocytic leukemia,W6/32 (pan-HLA class I),EXACT,yes,
UPN13_class_II_Rep1.RAW,c24f38704512c70e93ca891df44458a528133cb8241a779f875d72c39d14eb5d,528545844,db6baa7eeb4423a48996a5263c517ff1a2288047,UPN13_classII,UPN13,1,1,1,II,HLA-A*01:01;HLA-A*03:01;HLA-B*08:01;HLA-B*51:01;HLA-C*01:02;HLA-C*07:01,NA,,LTQ Orbitrap XL,Homo sapiens,peripheral blood,chronic lymphocytic leukemia,L243 (HLA-DR);Tue39 (pan-HLA class II),EXACT,no,class II
UPN13_class_II_Rep2.RAW,003e2e7b39d427ec78d00fa50c5e69fafa12a0949d1eb5af72b114caae33ff69,545147576,db7975681311c179a9f39a71321d187c2cd8f8fa,UPN13_classII,UPN13,1,2,1,II,HLA-A*01:01;HLA-A*03:01;HLA-B*08:01;HLA-B*51:01;HLA-C*01:02;HLA-C*07:01,NA,,LTQ Orbitrap XL,Homo sapiens,peripheral blood,chronic lymphocytic leukemia,L243 (HLA-DR);Tue39 (pan-HLA class II),EXACT,no,class II
UPN13_class_II_Rep3.RAW,437a76f59278261125c80517c9e238daaa519d2ba7bcb588afdd11dd3a74edd6,555791336,1c293ce87fa89857efcca8c14904f0439fa2d70d,UPN13_classII,UPN13,1,3,1,II,HLA-A*01:01;HLA-A*03:01;HLA-B*08:01;HLA-B*51:01;HLA-C*01:02;HLA-C*07:01,NA,,LTQ Orbitrap XL,Homo sapiens,peripheral blood,chronic lymphocytic leukemia,L243 (HLA-DR);Tue39 (pan-HLA class II),EXACT,no,class II
UPN13_class_II_Rep4.RAW,b45c1db063e708eb23ed316675e874e2e74e3a827bb31ad557171ce5db559795,599223448,f299fe0adf013a881f8c689ddecadc0d8a778831,UPN13_classII,UPN13,1,4,1,II,HLA-A*01:01;HLA-A*03:01;HLA-B*08:01;HLA-B*51:01;HLA-C*01:02;HLA-C*07:01,NA,,LTQ Orbitrap XL,Homo sapiens,peripheral blood,chronic lymphocytic leukemia,L243 (HLA-DR);Tue39 (pan-HLA class II),EXACT,no,class II
UPN13_class_II_Rep5.RAW,13fb3f220c51603f3ccdac1a5e36795839d6e3bb1d805a246a6bc6ab1cbc69e8,607106600,bc55107e3762579071e048b82879a2c536020586,UPN13_classII,UPN13,1,5,1,II,HLA-A*01:01;HLA-A*03:01;HLA-B*08:01;HLA-B*51:01;HLA-C*01:02;HLA-C*07:01,NA,,LTQ Orbitrap XL,Homo sapiens,peripheral blood,chronic lymphocytic leukemia,L243 (HLA-DR);Tue39 (pan-HLA class II),EXACT,no,class II
UPN14_class_I_Rep1.RAW,a4603f20f653b746e7e8e67b5404f11969eb8ae8f2152dd058b92471788a6e45,492746949,5accdd141d531b3c6fe56187da87110b8e397282,UPN14_classI,UPN14,1,1,1,I,HLA-A*02:01;HLA-A*03:01;HLA-B*07:02;HLA-B*44:02;HLA-C*05:01;HLA-C*07:02,COMPLETE,6,LTQ Orbitrap XL,Homo sapiens,peripheral blood,chronic lymphocytic leukemia,W6/32 (pan-HLA class I),EXACT,yes,
UPN14_class_I_Rep2.RAW,0dea7196c832d743981bb18d2ca64e44918eb0ea13ac403f33da6ade8577d7bf,481285785,dd47a8b0340d20d4e2e46f7f463116a70719b883,UPN14_classI,UPN14,1,2,1,I,HLA-A*02:01;HLA-A*03:01;HLA-B*07:02;HLA-B*44:02;HLA-C*05:01;HLA-C*07:02,COMPLETE,6,LTQ Orbitrap XL,Homo sapiens,peripheral blood,chronic lymphocytic leukemia,W6/32 (pan-HLA class I),EXACT,yes,
UPN14_class_I_Rep3.RAW,9380641f9458f24fb082b61b1a23a8e8bb8ebf22f295e7d2f4750b44120122e3,487918796,018e4f8423f7299cd8c077fd01aac9ad9030208b,UPN14_classI,UPN14,1,3,1,I,HLA-A*02:01;HLA-A*03:01;HLA-B*07:02;HLA-B*44:02;HLA-C*05:01;HLA-C*07:02,COMPLETE,6,LTQ Orbitrap XL,Homo sapiens,peripheral blood,chronic lymphocytic leukemia,W6/32 (pan-HLA class I),EXACT,yes,
UPN14_class_I_Rep4.RAW,b7e7aac646d127425ff6070247b788c952aff313752f1f7f82edde54b52a4a1b,473398499,5a63cb4cabcc6a2e1ffe99b509c2443fe0b6ece9,UPN14_classI,UPN14,1,4,1,I,HLA-A*02:01;HLA-A*03:01;HLA-B*07:02;HLA-B*44:02;HLA-C*05:01;HLA-C*07:02,COMPLETE,6,LTQ Orbitrap XL,Homo sapiens,peripheral blood,chronic lymphocytic leukemia,W6/32 (pan-HLA class I),EXACT,yes,
UPN14_class_I_Rep5.RAW,4d1b7e2cef7f60a0f8d03038c8e4a4b8be08452a57a119ffa1dd2ab4dfe2ea38,487672001,9e355855f7afe8c29e8bdba36c03d1cb9e43781d,UPN14_classI,UPN14,1,5,1,I,HLA-A*02:01;HLA-A*03:01;HLA-B*07:02;HLA-B*44:02;HLA-C*05:01;HLA-C*07:02,COMPLETE,6,LTQ Orbitrap XL,Homo sapiens,peripheral blood,chronic lymphocytic leukemia,W6/32 (pan-HLA class I),EXACT,yes,
UPN15_class_I_Rep1.RAW,fe272b892832cc40843d104b6f8212ce9f9402060472111096c89cfbaa931428,631362292,88dea28b41bb44eb603d1661817aaed835301f12,UPN15_classI,UPN15,1,1,1,I,HLA-A*02:05;HLA-A*24:02;HLA-B*35:01;HLA-B*50:01;HLA-C*04:01;HLA-C*06:02,COMPLETE,6,LTQ Orbitrap XL,Homo sapiens,peripheral blood,chronic lymphocytic leukemia,W6/32 (pan-HLA class I),EXACT,yes,
UPN15_class_I_Rep2.RAW,1b9d26634391ef029907941c11e0b16fb812c0726f189085977be5c3438318a4,321043246,bc6abf80e34d6491ca07cd78884a21485e28a702,UPN15_classI,UPN15,1,2,1,I,HLA-A*02:05;HLA-A*24:02;HLA-B*35:01;HLA-B*50:01;HLA-C*04:01;HLA-C*06:02,COMPLETE,6,LTQ Orbitrap XL,Homo sapiens,peripheral blood,chronic lymphocytic leukemia,W6/32 (pan-HLA class I),EXACT,yes,
UPN15_class_I_Rep3.RAW,3b7614f3ba53cb0074704790f2d917bf84ab25947295ecd893ec0fc43d02523c,326769698,1bdbd2d1aed48b503f7df01a674154d06c705d59,UPN15_classI,UPN15,1,3,1,I,HLA-A*02:05;HLA-A*24:02;HLA-B*35:01;HLA-B*50:01;HLA-C*04:01;HLA-C*06:02,COMPLETE,6,LTQ Orbitrap XL,Homo sapiens,peripheral blood,chronic lymphocytic leukemia,W6/32 (pan-HLA class I),EXACT,yes,
UPN15_class_I_Rep4.RAW,9aac08564693efb9c39845eecadf8a2571b68fbb6ccfae2a42af76a6281bca8a,324046406,d47dc1e6f4f07fa3b2bfe377f9ca8f2110ec7c73,UPN15_classI,UPN15,1,4,1,I,HLA-A*02:05;HLA-A*24:02;HLA-B*35:01;HLA-B*50:01;HLA-C*04:01;HLA-C*06:02,COMPLETE,6,LTQ Orbitrap XL,Homo sapiens,peripheral blood,chronic lymphocytic leukemia,W6/32 (pan-HLA class I),EXACT,yes,
UPN15_class_I_Rep5.RAW,012310101861a24278eff94da2e9f850d9686a3d5ff2b9ad5aeac2c35127451a,313627272,fbf4c9269d77782d35203e1f3329fa949c44d4d8,UPN15_classI,UPN15,1,5,1,I,HLA-A*02:05;HLA-A*24:02;HLA-B*35:01;HLA-B*50:01;HLA-C*04:01;HLA-C*06:02,COMPLETE,6,LTQ Orbitrap XL,Homo sapiens,peripheral blood,chronic lymphocytic leukemia,W6/32 (pan-HLA class I),EXACT,yes,
UPN16_class_I_Rep1.RAW,9e6efab5c813f7bd74b9ea757adcf049737fe32910168adfa0905d5c9234b031,459699410,46a196d541b7e73a20e83dfda89d27305a2b6339,UPN16_classI,UPN16,1,1,1,I,HLA-A*11:01;HLA-B*15:01;HLA-B*52:01;HLA-C*04:01;HLA-C*12:02,PARTIAL,5,LTQ Orbitrap XL,Homo sapiens,peripheral blood,chronic lymphocytic leukemia,W6/32 (pan-HLA class I),EXACT,yes,
UPN16_class_I_Rep2.RAW,fd071f6d58859fe57130f789318e2dc97fe6c74174520d042068bc487967cf1f,453948174,410c7576c87fb5db9c09dfdfe972d3fb7720d5bc,UPN16_classI,UPN16,1,2,1,I,HLA-A*11:01;HLA-B*15:01;HLA-B*52:01;HLA-C*04:01;HLA-C*12:02,PARTIAL,5,LTQ Orbitrap XL,Homo sapiens,peripheral blood,chronic lymphocytic leukemia,W6/32 (pan-HLA class I),EXACT,yes,
UPN16_class_I_Rep3.RAW,18df3fb5bf7bd3d95cd830e4b27f0126fe0193e12db29baca2ac16457c5c1dd6,448060104,6d489103a34e6df3e07434342a2d5efa41081b13,UPN16_classI,UPN16,1,3,1,I,HLA-A*11:01;HLA-B*15:01;HLA-B*52:01;HLA-C*04:01;HLA-C*12:02,PARTIAL,5,LTQ Orbitrap XL,Homo sapiens,peripheral blood,chronic lymphocytic leukemia,W6/32 (pan-HLA class I),EXACT,yes,
UPN16_class_I_Rep4.RAW,51d46fedfe82606074e4cf509e26a7c8f404e0ceddada044e83137206d129707,453954772,ae35f67f3ecd3732bc3731ac0cdd35e0effcc3bd,UPN16_classI,UPN16,1,4,1,I,HLA-A*11:01;HLA-B*15:01;HLA-B*52:01;HLA-C*04:01;HLA-C*12:02,PARTIAL,5,LTQ Orbitrap XL,Homo sapiens,peripheral blood,chronic lymphocytic leukemia,W6/32 (pan-HLA class I),EXACT,yes,
UPN16_class_I_Rep5.RAW,c78dab102882877300efd24d4680f28659aee0532e31f61782941775ea2bd5cb,451827536,440b12547d931f1d4cd9b9f5390b75c4884b6178,UPN16_classI,UPN16,1,5,1,I,HLA-A*11:01;HLA-B*15:01;HLA-B*52:01;HLA-C*04:01;HLA-C*12:02,PARTIAL,5,LTQ Orbitrap XL,Homo sapiens,peripheral blood,chronic lymphocytic leukemia,W6/32 (pan-HLA class I),EXACT,yes,
UPN17_class_I_Rep1.RAW,dad5e80a101162b2560c169602acef7c6a4bf782ab1a8099e9783bbba8214913,608846974,000b1959269ad37ff1a62038aaf5e7b5d8ea3948,UPN17_classI,UPN17,1,1,1,I,HLA-A*01:01;HLA-A*02:01;HLA-B*08:01;HLA-B*13:02;HLA-C*06:02;HLA-C*07:02,COMPLETE,6,LTQ Orbitrap XL,Homo sapiens,peripheral blood,chronic lymphocytic leukemia,W6/32 (pan-HLA class I),EXACT,yes,
UPN17_class_I_Rep2.RAW,2d0062875a9913da09fc4e4257d2ef6454eebf5f6b41c453bfa4a338f9dbb7cb,707550946,3d6768977455545b5055164226fdb4e77eec6d23,UPN17_classI,UPN17,1,2,1,I,HLA-A*01:01;HLA-A*02:01;HLA-B*08:01;HLA-B*13:02;HLA-C*06:02;HLA-C*07:02,COMPLETE,6,LTQ Orbitrap XL,Homo sapiens,peripheral blood,chronic lymphocytic leukemia,W6/32 (pan-HLA class I),EXACT,yes,
UPN17_class_I_Rep3.RAW,4b3230953ed4bc9938a47e5caded5e8ececbad8f8fc628593a48ff8fe439a903,695599158,c3102ec071174ea113bbcde7ed225e698767bb91,UPN17_classI,UPN17,1,3,1,I,HLA-A*01:01;HLA-A*02:01;HLA-B*08:01;HLA-B*13:02;HLA-C*06:02;HLA-C*07:02,COMPLETE,6,LTQ Orbitrap XL,Homo sapiens,peripheral blood,chronic lymphocytic leukemia,W6/32 (pan-HLA class I),EXACT,yes,
UPN17_class_I_Rep4.RAW,adeb1bd98ffcd8a8241e2cf8e29373403bd2fa0668d58112b4f496af35b1477b,636045738,1544a8ccd5ff59d23db42abf0c8602044456477f,UPN17_classI,UPN17,1,4,1,I,HLA-A*01:01;HLA-A*02:01;HLA-B*08:01;HLA-B*13:02;HLA-C*06:02;HLA-C*07:02,COMPLETE,6,LTQ Orbitrap XL,Homo sapiens,peripheral blood,chronic lymphocytic leukemia,W6/32 (pan-HLA class I),EXACT,yes,
UPN17_class_II_Rep1.RAW,2231eda03d122df6b0d89112eed16cc16138baf9136eb4aa05789d5ec9e4ac43,1046746986,a52f82f21a34803ef6037aff9e162424b926ce79,UPN17_classII,UPN17,1,1,1,II,HLA-A*01:01;HLA-A*02:01;HLA-B*08:01;HLA-B*13:02;HLA-C*06:02;HLA-C*07:02,NA,,LTQ Orbitrap XL,Homo sapiens,peripheral blood,chronic lymphocytic leukemia,L243 (HLA-DR);Tue39 (pan-HLA class II),EXACT,no,class II
UPN17_class_II_Rep2.RAW,ff5760680a40c9d2a05e6442ab6529b6f35d8194dbdb3827dd3b37aa6236d9dd,924756010,c55ed661b27ab5cb8d3fe0d6d10b4029a1913136,UPN17_classII,UPN17,1,2,1,II,HLA-A*01:01;HLA-A*02:01;HLA-B*08:01;HLA-B*13:02;HLA-C*06:02;HLA-C*07:02,NA,,LTQ Orbitrap XL,Homo sapiens,peripheral blood,chronic lymphocytic leukemia,L243 (HLA-DR);Tue39 (pan-HLA class II),EXACT,no,class II
UPN18_class_I_Rep1.RAW,54d3075f8dc8bb0f9161a88bbc1c89bb96a716e2b77e2a325268fb3137eee0e0,478053338,0cf93076403878f982fc6ad93c8b1e6feb97baf6,UPN18_classI,UPN18,1,1,1,I,HLA-A*32:01;HLA-A*68:01;HLA-B*07:02;HLA-B*27:05;HLA-C*07:01;HLA-C*07:02,COMPLETE,6,LTQ Orbitrap XL,Homo sapiens,peripheral blood,chronic lymphocytic leukemia,W6/32 (pan-HLA class I),EXACT,yes,
UPN18_class_I_Rep2.RAW,fa294bca5b57b6dfdc11650fac9d3e6154e2aa4288d6c076d4d48cca61c9cb78,478744606,eebf3e7a772da5a9bbfc42fd3056e686a77af460,UPN18_classI,UPN18,1,2,1,I,HLA-A*32:01;HLA-A*68:01;HLA-B*07:02;HLA-B*27:05;HLA-C*07:01;HLA-C*07:02,COMPLETE,6,LTQ Orbitrap XL,Homo sapiens,peripheral blood,chronic lymphocytic leukemia,W6/32 (pan-HLA class I),EXACT,yes,
UPN18_class_I_Rep3.RAW,19d59ada959f5a02e2856dbc2f5a5d1e5a2266344cfad8bcd88aebb5b3756de2,474975604,b20c1ada84a2d9637f8383442da9cdd22b572587,UPN18_classI,UPN18,1,3,1,I,HLA-A*32:01;HLA-A*68:01;HLA-B*07:02;HLA-B*27:05;HLA-C*07:01;HLA-C*07:02,COMPLETE,6,LTQ Orbitrap XL,Homo sapiens,peripheral blood,chronic lymphocytic leukemia,W6/32 (pan-HLA class I),EXACT,yes,
UPN18_class_I_Rep4.RAW,a257761b01b00ace120e71f6c86f0372302b47419b257f5bd13b51f65f22d294,476330012,8e459bce0de3686e8bbb6650a67d0ecbcb3fd425,UPN18_classI,UPN18,1,4,1,I,HLA-A*32:01;HLA-A*68:01;HLA-B*07:02;HLA-B*27:05;HLA-C*07:01;HLA-C*07:02,COMPLETE,6,LTQ Orbitrap XL,Homo sapiens,peripheral blood,chronic lymphocytic leukemia,W6/32 (pan-HLA class I),EXACT,yes,
UPN18_class_I_Rep5.RAW,f3dc62ce85f97115cb1808d0f25eb2b1caa9b3d1519da8aa654d06fa1fd57576,473115296,a657322a1dcc1a7a73077bc0cd93d2d3b830792f,UPN18_classI,UPN18,1,5,1,I,HLA-A*32:01;HLA-A*68:01;HLA-B*07:02;HLA-B*27:05;HLA-C*07:01;HLA-C*07:02,COMPLETE,6,LTQ Orbitrap XL,Homo sapiens,peripheral blood,chronic lymphocytic leukemia,W6/32 (pan-HLA class I),EXACT,yes,
UPN18_class_II_Rep1.RAW,9656627d5a1b3b295587cd3b6fa802872b1876397b8c579a2e7b0c20cc295799,1034692238,930683473e13217ccdf5f2a2defb015dc969167d,UPN18_classII,UPN18,1,1,1,II,HLA-A*32:01;HLA-A*68:01;HLA-B*07:02;HLA-B*27:05;HLA-C*07:01;HLA-C*07:02,NA,,LTQ Orbitrap XL,Homo sapiens,peripheral blood,chronic lymphocytic leukemia,L243 (HLA-DR);Tue39 (pan-HLA class II),EXACT,no,class II
UPN18_class_II_Rep2.RAW,3c692e19bd335a5eaab1c6551e362af877a1e92e451efe2aa7a864e0ff97956c,807539002,41be7581d3a3fc2d0f8c607c80921d3e25f01c99,UPN18_classII,UPN18,1,2,1,II,HLA-A*32:01;HLA-A*68:01;HLA-B*07:02;HLA-B*27:05;HLA-C*07:01;HLA-C*07:02,NA,,LTQ Orbitrap XL,Homo sapiens,peripheral blood,chronic lymphocytic leukemia,L243 (HLA-DR);Tue39 (pan-HLA class II),EXACT,no,class II
UPN18_class_II_Rep3.RAW,6589561f286507788b41661e2a02344790ea0e36a4ed420ee7f65977f8f6f7bd,707826610,4cd19ecabccfb19a4a4240ad960192bdcdeba3c9,UPN18_classII,UPN18,1,3,1,II,HLA-A*32:01;HLA-A*68:01;HLA-B*07:02;HLA-B*27:05;HLA-C*07:01;HLA-C*07:02,NA,,LTQ Orbitrap XL,Homo sapiens,peripheral blood,chronic lymphocytic leukemia,L243 (HLA-DR);Tue39 (pan-HLA class II),EXACT,no,class II
UPN18_class_II_Rep4.RAW,bfdf2b4a2565d0deac044357d26652e6eebb5b5418a888d9205fa9aa8b01702a,669436170,1eccbcdfa32e687df8d462b49929bce6ef3f864f,UPN18_classII,UPN18,1,4,1,II,HLA-A*32:01;HLA-A*68:01;HLA-B*07:02;HLA-B*27:05;HLA-C*07:01;HLA-C*07:02,NA,,LTQ Orbitrap XL,Homo sapiens,peripheral blood,chronic lymphocytic leukemia,L243 (HLA-DR);Tue39 (pan-HLA class II),EXACT,no,class II
UPN18_class_II_Rep5.RAW,fd3796c3c11ee4cc7babf96eaf85e2b5624672b6448ca97b0300f297659baaba,569027950,379c238a25248785cfd324ae9e5f63a8f10e7513,UPN18_classII,UPN18,1,5,1,II,HLA-A*32:01;HLA-A*68:01;HLA-B*07:02;HLA-B*27:05;HLA-C*07:01;HLA-C*07:02,NA,,LTQ Orbitrap XL,Homo sapiens,peripheral blood,chronic lymphocytic leukemia,L243 (HLA-DR);Tue39 (pan-HLA class II),EXACT,no,class II
UPN19_class_I_Rep1.RAW,3e57c6d751c514641157e939d4d2e340825beb38996556bda4c055cf3995e81d,483138506,b9c8ef8e605496afc61e536d6ec47995dd570501,UPN19_classI,UPN19,1,1,1,I,HLA-A*01:01;HLA-A*26:01;HLA-B*07:02;HLA-B*37:01;HLA-C*02:02;HLA-C*07:02,COMPLETE,6,LTQ Orbitrap XL,Homo sapiens,peripheral blood,chronic lymphocytic leukemia,W6/32 (pan-HLA class I),EXACT,yes,
UPN19_class_I_Rep2.RAW,d903641fce46d485886e166e2a9d1925cb7abbf355bf7698e0f9b76d91ac2784,467385472,eb810e875c95e6790c38c5aebc17bfa0994d463d,UPN19_classI,UPN19,1,2,1,I,HLA-A*01:01;HLA-A*26:01;HLA-B*07:02;HLA-B*37:01;HLA-C*02:02;HLA-C*07:02,COMPLETE,6,LTQ Orbitrap XL,Homo sapiens,peripheral blood,chronic lymphocytic leukemia,W6/32 (pan-HLA class I),EXACT,yes,
UPN19_class_I_Rep3.RAW,54b20f05c8ec23303166334bb7762409343a01418e2013f7e8fa513f8915bf2b,474108316,14a2194d093707aaa2729ee3f4dd673abaf7db71,UPN19_classI,UPN19,1,3,1,I,HLA-A*01:01;HLA-A*26:01;HLA-B*07:02;HLA-B*37:01;HLA-C*02:02;HLA-C*07:02,COMPLETE,6,LTQ Orbitrap XL,Homo sapiens,peripheral blood,chronic lymphocytic leukemia,W6/32 (pan-HLA class I),EXACT,yes,
UPN19_class_I_Rep4.RAW,76b7f0d21d7cef6a3f9d8d60c8619407d482f97a125aa59cb9a8b193ba9c885b,473654492,015518695a2532bcee57519eba055b4d79bcac7b,UPN19_classI,UPN19,1,4,1,I,HLA-A*01:01;HLA-A*26:01;HLA-B*07:02;HLA-B*37:01;HLA-C*02:02;HLA-C*07:02,COMPLETE,6,LTQ Orbitrap XL,Homo sapiens,peripheral blood,chronic lymphocytic leukemia,W6/32 (pan-HLA class I),EXACT,yes,
UPN19_class_I_Rep5.RAW,75c3b7c516e5bf51069ec05c6a0bccfe96f1f6dce804db5471cb22953b4f9e99,437152566,fe3842f23c148dd40f81e39e4d98352db7592db3,UPN19_classI,UPN19,1,5,1,I,HLA-A*01:01;HLA-A*26:01;HLA-B*07:02;HLA-B*37:01;HLA-C*02:02;HLA-C*07:02,COMPLETE,6,LTQ Orbitrap XL,Homo sapiens,peripheral blood,chronic lymphocytic leukemia,W6/32 (pan-HLA class I),EXACT,yes,
UPN19_class_I_Rep6.RAW,236b45c3c6387f2efd200eb130321db62ff09aad8672a3ecfa624ce7671a0775,474619528,f09e36a5791b21598d02d3c65b2d3a459176877a,UPN19_classI,UPN19,1,6,1,I,HLA-A*01:01;HLA-A*26:01;HLA-B*07:02;HLA-B*37:01;HLA-C*02:02;HLA-C*07:02,COMPLETE,6,LTQ Orbitrap XL,Homo sapiens,peripheral blood,chronic lymphocytic leukemia,W6/32 (pan-HLA class I),EXACT,yes,
UPN19_class_I_Rep7.RAW,62a98b85a6b1dafd36ccc8f64c6011cadfd21ae68c12151e3c5f8ae8e81fa16d,474203532,21dbd644d32a23411cf8624ef26150e36b168656,UPN19_classI,UPN19,1,7,1,I,HLA-A*01:01;HLA-A*26:01;HLA-B*07:02;HLA-B*37:01;HLA-C*02:02;HLA-C*07:02,COMPLETE,6,LTQ Orbitrap XL,Homo sapiens,peripheral blood,chronic lymphocytic leukemia,W6/32 (pan-HLA class I),EXACT,yes,
UPN19_class_I_Rep8.RAW,38a7c1ad291763966016f33939c00253069d58282830900b9369d3f8fccd926c,474876596,2a1473ee39b4f92ccc341f8a4b6ccc35bc238891,UPN19_classI,UPN19,1,8,1,I,HLA-A*01:01;HLA-A*26:01;HLA-B*07:02;HLA-B*37:01;HLA-C*02:02;HLA-C*07:02,COMPLETE,6,LTQ Orbitrap XL,Homo sapiens,peripheral blood,chronic lymphocytic leukemia,W6/32 (pan-HLA class I),EXACT,yes,
UPN20_class_I_Rep1.RAW,5bb9f226f1de190a3aacc75782e651a9d300a1c024fb8ba007c2401ad6be8df1,369725204,ed4a8c38463bc2d38360b144014b489960044d0d,UPN20_classI,UPN20,1,1,1,I,HLA-A*01:01;HLA-A*32:01;HLA-B*07:02;HLA-B*44:02;HLA-C*07:01;HLA-C*07:02,COMPLETE,6,LTQ Orbitrap XL,Homo sapiens,peripheral blood,chronic lymphocytic leukemia,W6/32 (pan-HLA class I),EXACT,yes,
UPN20_class_I_Rep2.RAW,8eb766806fbcb28e9ec6f9127a0e065257c101b276ab2ed491c46aa7f2657e00,364830548,fe536923ef9bbf201756d4a29ef4429540a26ebc,UPN20_classI,UPN20,1,2,1,I,HLA-A*01:01;HLA-A*32:01;HLA-B*07:02;HLA-B*44:02;HLA-C*07:01;HLA-C*07:02,COMPLETE,6,LTQ Orbitrap XL,Homo sapiens,peripheral blood,chronic lymphocytic leukemia,W6/32 (pan-HLA class I),EXACT,yes,
UPN20_class_I_Rep3.RAW,f72ea4b7290f55377c538a1322dd6274d30d12e0ab0f93209f1abdcab3d695dd,360325262,4d55e13352fbb660f06f083375b7ea8e8e5652aa,UPN20_classI,UPN20,1,3,1,I,HLA-A*01:01;HLA-A*32:01;HLA-B*07:02;HLA-B*44:02;HLA-C*07:01;HLA-C*07:02,COMPLETE,6,LTQ Orbitrap XL,Homo sapiens,peripheral blood,chronic lymphocytic leukemia,W6/32 (pan-HLA class I),EXACT,yes,
UPN20_class_I_Rep4.RAW,1f77e13a99d674ded2d59773fabf63e00e2b8c66b69309314b0dce6d83a2bac4,384308042,ef71082fc6d68a7dc52f44803a37d336a6041245,UPN20_classI,UPN20,1,4,1,I,HLA-A*01:01;HLA-A*32:01;HLA-B*07:02;HLA-B*44:02;HLA-C*07:01;HLA-C*07:02,COMPLETE,6,LTQ Orbitrap XL,Homo sapiens,peripheral blood,chronic lymphocytic leukemia,W6/32 (pan-HLA class I),EXACT,yes,
UPN20_class_I_Rep5.RAW,9256b32447a1bcb352b27ff892485aea6edc16d468a4bb4fca3f853f0bdbdb88,381466922,b003824e0b24e5a5d7528c568ad10d8a38473b14,UPN20_classI,UPN20,1,5,1,I,HLA-A*01:01;HLA-A*32:01;HLA-B*07:02;HLA-B*44:02;HLA-C*07:01;HLA-C*07:02,COMPLETE,6,LTQ Orbitrap XL,Homo sapiens,peripheral blood,chronic lymphocytic leukemia,W6/32 (pan-HLA class I),EXACT,yes,
UPN20_class_I_Rep6.RAW,f9f8f614be206725f86a11c740ef8a24f1a8b9485b3b513aeee54a92438def31,393520670,f9b0a40ace5788d3d3e81053959b68bd9503ed32,UPN20_classI,UPN20,1,6,1,I,HLA-A*01:01;HLA-A*32:01;HLA-B*07:02;HLA-B*44:02;HLA-C*07:01;HLA-C*07:02,COMPLETE,6,LTQ Orbitrap XL,Homo sapiens,peripheral blood,chronic lymphocytic leukemia,W6/32 (pan-HLA class I),EXACT,yes,
UPN20_class_I_Rep7.RAW,12ada93aeba5a078ccbd6b19be5e7df2ef5fce9cc687828737710fcb199b90b8,400086322,34212078ffeb3f3a272ac86cbae6035378a0ec9e,UPN20_classI,UPN20,1,7,1,I,HLA-A*01:01;HLA-A*32:01;HLA-B*07:02;HLA-B*44:02;HLA-C*07:01;HLA-C*07:02,COMPLETE,6,LTQ Orbitrap XL,Homo sapiens,peripheral blood,chronic lymphocytic leukemia,W6/32 (pan-HLA class I),EXACT,yes,
UPN20_class_I_Rep8.RAW,f6bcd368d5e395f2a16a0f1367b0cd2c1be5007384bbc873238b271710d7db5b,424154270,de2f70d6dfc8db0fa014b6797e85b76ff5f449f7,UPN20_classI,UPN20,1,8,1,I,HLA-A*01:01;HLA-A*32:01;HLA-B*07:02;HLA-B*44:02;HLA-C*07:01;HLA-C*07:02,COMPLETE,6,LTQ Orbitrap XL,Homo sapiens,peripheral blood,chronic lymphocytic leukemia,W6/32 (pan-HLA class I),EXACT,yes,
UPN20_class_I_Rep9.RAW,7130d15d3222424dece82438be8834983032ecfcccb1ddc6bb520d7d07a592af,394158728,8b0a1ea67b68b0d97f4adfca6faeb893454e2158,UPN20_classI,UPN20,1,9,1,I,HLA-A*01:01;HLA-A*32:01;HLA-B*07:02;HLA-B*44:02;HLA-C*07:01;HLA-C*07:02,COMPLETE,6,LTQ Orbitrap XL,Homo sapiens,peripheral blood,chronic lymphocytic leukemia,W6/32 (pan-HLA class I),EXACT,yes,
UPN20_class_II_Rep1.RAW,6ef273d4dd2b08fe46503d07148cceae9e5acb857d35438f8a6c902d262d7547,962963654,af18ad2b67b181c771c4f848d93b5fe64e6ac8dd,UPN20_classII,UPN20,1,1,1,II,HLA-A*01:01;HLA-A*32:01;HLA-B*07:02;HLA-B*44:02;HLA-C*07:01;HLA-C*07:02,NA,,LTQ Orbitrap XL,Homo sapiens,peripheral blood,chronic lymphocytic leukemia,L243 (HLA-DR);Tue39 (pan-HLA class II),EXACT,no,class II
UPN20_class_II_Rep2.RAW,153b8a5a60abd2bfd4d1ffd729bf358dcd30226243153c224e322667c2b2d1e2,867970578,afc404d6797450951f154772c32ca1d8f78c1f38,UPN20_classII,UPN20,1,2,1,II,HLA-A*01:01;HLA-A*32:01;HLA-B*07:02;HLA-B*44:02;HLA-C*07:01;HLA-C*07:02,NA,,LTQ Orbitrap XL,Homo sapiens,peripheral blood,chronic lymphocytic leukemia,L243 (HLA-DR);Tue39 (pan-HLA class II),EXACT,no,class II
UPN20_class_II_Rep3.RAW,ed90e2504c6e9e7a578158ed67cb2bb01e37bf6876b37a497d07e7ea3dce55d8,864016982,4dd8df7d6a27a41216426d9b545d0af3615169ad,UPN20_classII,UPN20,1,3,1,II,HLA-A*01:01;HLA-A*32:01;HLA-B*07:02;HLA-B*44:02;HLA-C*07:01;HLA-C*07:02,NA,,LTQ Orbitrap XL,Homo sapiens,peripheral blood,chronic lymphocytic leukemia,L243 (HLA-DR);Tue39 (pan-HLA class II),EXACT,no,class II
UPN20_class_II_Rep4.RAW,0df35f861a70f570e4000a125e549c0ebbcffde51f46b902200051d20fa9c5d8,855122176,9295a352161864bcc6bc163cc6abfbfb29acd63c,UPN20_classII,UPN20,1,4,1,II,HLA-A*01:01;HLA-A*32:01;HLA-B*07:02;HLA-B*44:02;HLA-C*07:01;HLA-C*07:02,NA,,LTQ Orbitrap XL,Homo sapiens,peripheral blood,chronic lymphocytic leukemia,L243 (HLA-DR);Tue39 (pan-HLA class II),EXACT,no,class II
UPN20_class_II_Rep5.RAW,e25b2efbee2658b2ce918f28113e408a3b3da63f8307d1aaf019cf4a46557016,851863296,18663bc3d9a55a56a9431003cc52945455c9078c,UPN20_classII,UPN20,1,5,1,II,HLA-A*01:01;HLA-A*32:01;HLA-B*07:02;HLA-B*44:02;HLA-C*07:01;HLA-C*07:02,NA,,LTQ Orbitrap XL,Homo sapiens,peripheral blood,chronic lymphocytic leukemia,L243 (HLA-DR);Tue39 (pan-HLA class II),EXACT,no,class II
UPN20_class_II_Rep6.RAW,ca4b99326abe12ee4c84c1de9ff99d375d6e9a7ee0caad67f2abe67eda313436,845625490,86a04a830b6105807fb283d64c0c409740da7042,UPN20_classII,UPN20,1,6,1,II,HLA-A*01:01;HLA-A*32:01;HLA-B*07:02;HLA-B*44:02;HLA-C*07:01;HLA-C*07:02,NA,,LTQ Orbitrap XL,Homo sapiens,peripheral blood,chronic lymphocytic leukemia,L243 (HLA-DR);Tue39 (pan-HLA class II),EXACT,no,class II
UPN20_class_II_Rep7.RAW,8c0bdff8551f700ac4dff48f7fd713f190bfb02b68874625613d84cb6ddb9909,779922030,2785195d846b864b83a783b445a0108b3ec368c7,UPN20_classII,UPN20,1,7,1,II,HLA-A*01:01;HLA-A*32:01;HLA-B*07:02;HLA-B*44:02;HLA-C*07:01;HLA-C*07:02,NA,,LTQ Orbitrap XL,Homo sapiens,peripheral blood,chronic lymphocytic leukemia,L243 (HLA-DR);Tue39 (pan-HLA class II),EXACT,no,class II
UPN20_class_II_Rep8.RAW,42b0bb4e80e814b631828c30383b784cfa3dc917037ab5eb3e0e0fd2776c9235,915020416,fe2b9d7928d3b68a7abfc2ebb67dd4d0e37328af,UPN20_classII,UPN20,1,8,1,II,HLA-A*01:01;HLA-A*32:01;HLA-B*07:02;HLA-B*44:02;HLA-C*07:01;HLA-C*07:02,NA,,LTQ Orbitrap XL,Homo sapiens,peripheral blood,chronic lymphocytic leukemia,L243 (HLA-DR);Tue39 (pan-HLA class II),EXACT,no,class II
UPN20_class_II_Rep9.RAW,be966ba761e4ed5693a42553e32bba26e4f27c527a2726945f440b3585ad380c,720587772,a4ff8f65b2475404ffb940a6255c71fea907bc31,UPN20_classII,UPN20,1,9,1,II,HLA-A*01:01;HLA-A*32:01;HLA-B*07:02;HLA-B*44:02;HLA-C*07:01;HLA-C*07:02,NA,,LTQ Orbitrap XL,Homo sapiens,peripheral blood,chronic lymphocytic leukemia,L243 (HLA-DR);Tue39 (pan-HLA class II),EXACT,no,class II
UPN20_class_II_Rep10.RAW,ab7926a3bc15d8901c1a005f683826128f9942c7785f131a97ec76d90225fa7e,912444864,ef77bc91e1207206f1025b492731dfcefb7c6a00,UPN20_classII,UPN20,1,10,1,II,HLA-A*01:01;HLA-A*32:01;HLA-B*07:02;HLA-B*44:02;HLA-C*07:01;HLA-C*07:02,NA,,LTQ Orbitrap XL,Homo sapiens,peripheral blood,chronic lymphocytic leukemia,L243 (HLA-DR);Tue39 (pan-HLA class II),EXACT,no,class II
UPN21_class_I_Rep1.RAW,6bc51e7d4cac9322ab0ff40d68f85b03976202489f93a30f8fd719c3833f2c6c,545821766,96a7ea37952dcf3ec86c3c325a86ebff0df605e2,UPN21_classI,UPN21,1,1,1,I,HLA-A*02:01;HLA-A*24:02;HLA-B*51:01;HLA-B*57:01;HLA-C*14:02,PARTIAL,5,LTQ Orbitrap XL,Homo sapiens,peripheral blood,chronic lymphocytic leukemia,W6/32 (pan-HLA class I),EXACT,yes,
UPN21_class_I_Rep2.RAW,9ad42249ffc0604a018217d67c295854440e40eaa5db7f6802ef53aee5c18cce,543871932,eb02417c459cc33d145cd2de36108228a98ebbdc,UPN21_classI,UPN21,1,2,1,I,HLA-A*02:01;HLA-A*24:02;HLA-B*51:01;HLA-B*57:01;HLA-C*14:02,PARTIAL,5,LTQ Orbitrap XL,Homo sapiens,peripheral blood,chronic lymphocytic leukemia,W6/32 (pan-HLA class I),EXACT,yes,
UPN21_class_I_Rep3.RAW,ad56c06f602904c72f1a896ab5e3fb41a0424be95a9e0f9e56e61d3a86dd9a6d,562808292,3888231333f950308ccf4654396661d10caef3dc,UPN21_classI,UPN21,1,3,1,I,HLA-A*02:01;HLA-A*24:02;HLA-B*51:01;HLA-B*57:01;HLA-C*14:02,PARTIAL,5,LTQ Orbitrap XL,Homo sapiens,peripheral blood,chronic lymphocytic leukemia,W6/32 (pan-HLA class I),EXACT,yes,
UPN21_class_I_Rep4.RAW,0483e2d0383ddef7236153760ae668c1c36eca6824d142e7b11fc255de594b30,548922412,3a729a08e3ac1a3d1f70488df384a6e2f7bd8461,UPN21_classI,UPN21,1,4,1,I,HLA-A*02:01;HLA-A*24:02;HLA-B*51:01;HLA-B*57:01;HLA-C*14:02,PARTIAL,5,LTQ Orbitrap XL,Homo sapiens,peripheral blood,chronic lymphocytic leukemia,W6/32 (pan-HLA class I),EXACT,yes,
UPN21_class_I_Rep5.RAW,2f06a4e25bf7ca15c94208643629e00362ef122772423a19880144f0089d7bcb,512857902,67add8ee9bd4cfb5d28c3708b40c1cedd3a4e3c3,UPN21_classI,UPN21,1,5,1,I,HLA-A*02:01;HLA-A*24:02;HLA-B*51:01;HLA-B*57:01;HLA-C*14:02,PARTIAL,5,LTQ Orbitrap XL,Homo sapiens,peripheral blood,chronic lymphocytic leukemia,W6/32 (pan-HLA class I),EXACT,yes,
UPN21_class_II_Rep1.RAW,358ea6c2fff99bf4de2bffc2ba17496a24a2db5d20dd6bd281ba8ccc4ae2e632,443542908,f73bfc14ea778a7c3997c45abbe44a247339cafc,UPN21_classII,UPN21,1,1,1,II,HLA-A*02:01;HLA-A*24:02;HLA-B*51:01;HLA-B*57:01;HLA-C*14:02,NA,,LTQ Orbitrap XL,Homo sapiens,peripheral blood,chronic lymphocytic leukemia,L243 (HLA-DR);Tue39 (pan-HLA class II),EXACT,no,class II
UPN21_class_II_Rep2.RAW,7441ae54154ba8a7733a9348da46bcbd091b4d40ae68aeaada60cc65f403308b,436704430,3eecc648fb7c62ecd92173737436f7d6e2b99b8c,UPN21_classII,UPN21,1,2,1,II,HLA-A*02:01;HLA-A*24:02;HLA-B*51:01;HLA-B*57:01;HLA-C*14:02,NA,,LTQ Orbitrap XL,Homo sapiens,peripheral blood,chronic lymphocytic leukemia,L243 (HLA-DR);Tue39 (pan-HLA class II),EXACT,no,class II
UPN21_class_II_Rep3.RAW,7ebe94d8b81dc70020932549c61e79f337ad9df1df299cd2617ba4f6707f7e7f,432316806,dec577a2cf728ac34f162c022b71dc08a4adc9c1,UPN21_classII,UPN21,1,3,1,II,HLA-A*02:01;HLA-A*24:02;HLA-B*51:01;HLA-B*57:01;HLA-C*14:02,NA,,LTQ Orbitrap XL,Homo sapiens,peripheral blood,chronic lymphocytic leukemia,L243 (HLA-DR);Tue39 (pan-HLA class II),EXACT,no,class II
UPN21_class_II_Rep4.RAW,598035c15fd79dbc260df48acd4a0e4e2f0de76d780b3e3e5290231687643444,443427526,7276d432a86f6f3dd1a408a2a393b3dd07d5ed88,UPN21_classII,UPN21,1,4,1,II,HLA-A*02:01;HLA-A*24:02;HLA-B*51:01;HLA-B*57:01;HLA-C*14:02,NA,,LTQ Orbitrap XL,Homo sapiens,peripheral blood,chronic lymphocytic leukemia,L243 (HLA-DR);Tue39 (pan-HLA class II),EXACT,no,class II
UPN21_class_II_Rep5.RAW,7f9e49a509dbdd2a15f38e6fb7b715549d40ad14921a53f49a97bf972a2fc87c,431955596,b24594fe78da0300e4f851b8a34838fbb16555d2,UPN21_classII,UPN21,1,5,1,II,HLA-A*02:01;HLA-A*24:02;HLA-B*51:01;HLA-B*57:01;HLA-C*14:02,NA,,LTQ Orbitrap XL,Homo sapiens,peripheral blood,chronic lymphocytic leukemia,L243 (HLA-DR);Tue39 (pan-HLA class II),EXACT,no,class II
UPN21_class_II_Rep6.RAW,137c2e93d430291311d47c9302900831f098d59142f7b57258b721cf7c71076e,495269798,c803f3fe1490238404b93a3e74e2d876985675ee,UPN21_classII,UPN21,1,6,1,II,HLA-A*02:01;HLA-A*24:02;HLA-B*51:01;HLA-B*57:01;HLA-C*14:02,NA,,LTQ Orbitrap XL,Homo sapiens,peripheral blood,chronic lymphocytic leukemia,L243 (HLA-DR);Tue39 (pan-HLA class II),EXACT,no,class II
UPN21_class_II_Rep7.RAW,60f3481107cf3be40327ecf5d9a0079763e92f0536a3b3ed6f54d25573c772ac,501023318,0544efbe7aa03d445090151ba65e52aa81545c6c,UPN21_classII,UPN21,1,7,1,II,HLA-A*02:01;HLA-A*24:02;HLA-B*51:01;HLA-B*57:01;HLA-C*14:02,NA,,LTQ Orbitrap XL,Homo sapiens,peripheral blood,chronic lymphocytic leukemia,L243 (HLA-DR);Tue39 (pan-HLA class II),EXACT,no,class II
UPN22_class_I_Rep1.raw,c8848abc89b687b286c41ca103dd40eea5d34d7e2e61d2c154a3f7eb0fd27733,875740412,bf37bfbae43afa2498819be20fd465462fba4299,UPN22_classI,UPN22,1,1,1,I,HLA-A*02:01;HLA-A*03:01;HLA-B*40:01;HLA-B*44:02;HLA-C*02:02;HLA-C*03:04,COMPLETE,6,LTQ Orbitrap XL,Homo sapiens,peripheral blood,chronic lymphocytic leukemia,W6/32 (pan-HLA class I),EXACT,yes,
UPN22_class_I_Rep2.raw,5cb1977c8431523fbfac17070d6656fee72660e76fccc2ccdb4edb552afd0b22,859090252,ec1adaf26799ec3805d0f199ff422b1cc81f2a1c,UPN22_classI,UPN22,1,2,1,I,HLA-A*02:01;HLA-A*03:01;HLA-B*40:01;HLA-B*44:02;HLA-C*02:02;HLA-C*03:04,COMPLETE,6,LTQ Orbitrap XL,Homo sapiens,peripheral blood,chronic lymphocytic leukemia,W6/32 (pan-HLA class I),EXACT,yes,
UPN22_class_I_Rep3.raw,eff8f6e3bb4043a22bbb9855790fc9d207eb5bf443d6b957ff4c97440c6ea93b,846889934,d7525579613a734485449b1fb1a9916b600fa231,UPN22_classI,UPN22,1,3,1,I,HLA-A*02:01;HLA-A*03:01;HLA-B*40:01;HLA-B*44:02;HLA-C*02:02;HLA-C*03:04,COMPLETE,6,LTQ Orbitrap XL,Homo sapiens,peripheral blood,chronic lymphocytic leukemia,W6/32 (pan-HLA class I),EXACT,yes,
UPN22_class_II_Rep1.raw,dd96f344e46bb99c090f7ea03558f5d137ac030493f05083d468e2f372aaaf06,1050606154,3d819ec6736b52a096ee59342d5a41f5f35c4897,UPN22_classII,UPN22,1,1,1,II,HLA-A*02:01;HLA-A*03:01;HLA-B*40:01;HLA-B*44:02;HLA-C*02:02;HLA-C*03:04,NA,,LTQ Orbitrap XL,Homo sapiens,peripheral blood,chronic lymphocytic leukemia,L243 (HLA-DR);Tue39 (pan-HLA class II),EXACT,no,class II
UPN22_class_II_Rep2.raw,25a523b1a8f6243e3e094e9b297579bb5f9757d4261fe07073359106ed33491a,1071008046,df1fa164a8c923916648629bb2e1118c6aab842d,UPN22_classII,UPN22,1,2,1,II,HLA-A*02:01;HLA-A*03:01;HLA-B*40:01;HLA-B*44:02;HLA-C*02:02;HLA-C*03:04,NA,,LTQ Orbitrap XL,Homo sapiens,peripheral blood,chronic lymphocytic leukemia,L243 (HLA-DR);Tue39 (pan-HLA class II),EXACT,no,class II
UPN22_class_II_Rep3.raw,a2e792e32116c2047b2fa1736f1e053584893a1f62b11f7705e655f68b33c9ed,1058866152,cbd23e58b541a07c955ffb560764ed534d713df4,UPN22_classII,UPN22,1,3,1,II,HLA-A*02:01;HLA-A*03:01;HLA-B*40:01;HLA-B*44:02;HLA-C*02:02;HLA-C*03:04,NA,,LTQ Orbitrap XL,Homo sapiens,peripheral blood,chronic lymphocytic leukemia,L243 (HLA-DR);Tue39 (pan-HLA class II),EXACT,no,class II
UPN23_class_I_Rep1.RAW,18bbb5d6aa535b6ada51b9f9288a050d61424f40d7bd21708df8093a4393ca0e,549434126,3d279b6067503f9fdd63dfe3c00ae27d90335d99,UPN23_classI,UPN23,1,1,1,I,HLA-A*02:01;HLA-A*03:01;HLA-B*35:01;HLA-C*04:01,PARTIAL,4,LTQ Orbitrap XL,Homo sapiens,peripheral blood,chronic lymphocytic leukemia,W6/32 (pan-HLA class I),EXACT,yes,
UPN23_class_I_Rep2.RAW,cbac0fb1e3a2585299fec58eb7128fa9fd93ec99a2e9267cece3d56a3ffcc506,536942902,cc4b9f63f495f7fea9d5c26da4327eae58d58f45,UPN23_classI,UPN23,1,2,1,I,HLA-A*02:01;HLA-A*03:01;HLA-B*35:01;HLA-C*04:01,PARTIAL,4,LTQ Orbitrap XL,Homo sapiens,peripheral blood,chronic lymphocytic leukemia,W6/32 (pan-HLA class I),EXACT,yes,
UPN23_class_I_Rep3.RAW,94fa924ed422c5ddf636564e8c9abde606d7c6e4191eb7a001c12cf680ac2be5,533775682,6932c4d65467c549129a2f5452d23d7a39a6be4f,UPN23_classI,UPN23,1,3,1,I,HLA-A*02:01;HLA-A*03:01;HLA-B*35:01;HLA-C*04:01,PARTIAL,4,LTQ Orbitrap XL,Homo sapiens,peripheral blood,chronic lymphocytic leukemia,W6/32 (pan-HLA class I),EXACT,yes,
UPN23_class_I_Rep4.RAW,782bcb8b65219025ee9c00a6f5177aa16aedfb14d3ac18bf960479d8d3ce3623,527840622,fed210f274eb830535b836d36dc50194e5cd25e3,UPN23_classI,UPN23,1,4,1,I,HLA-A*02:01;HLA-A*03:01;HLA-B*35:01;HLA-C*04:01,PARTIAL,4,LTQ Orbitrap XL,Homo sapiens,peripheral blood,chronic lymphocytic leukemia,W6/32 (pan-HLA class I),EXACT,yes,
UPN23_class_I_Rep5.RAW,b8376014a858b6858d90235beb34d535a6c40ca3236d1406fd8073e72017ae22,528311866,1eab919fa7d696ac31f80de26adf5dd99522d9df,UPN23_classI,UPN23,1,5,1,I,HLA-A*02:01;HLA-A*03:01;HLA-B*35:01;HLA-C*04:01,PARTIAL,4,LTQ Orbitrap XL,Homo sapiens,peripheral blood,chronic lymphocytic leukemia,W6/32 (pan-HLA class I),EXACT,yes,
UPN24_class_I_Rep1.RAW,e7fa6414014c4afced1feb8514537357d6bbc845e737e5b081c7ae3438bcb75f,523962458,086bb3729952f44c6dde23bd7dd94b5b269798bb,UPN24_classI,UPN24,1,1,1,I,HLA-A*01:01;HLA-A*02:01;HLA-B*08:01;HLA-B*51:01;HLA-C*02:02;HLA-C*07:02,COMPLETE,6,LTQ Orbitrap XL,Homo sapiens,peripheral blood,chronic lymphocytic leukemia,W6/32 (pan-HLA class I),EXACT,yes,
UPN24_class_I_Rep2.RAW,e3702154862f2048e00387a77b2687cd970c47b0a0a565ee8056310a80f06bbe,524202418,c762c51c462c296b95110cb48d887acdf0aa5bc3,UPN24_classI,UPN24,1,2,1,I,HLA-A*01:01;HLA-A*02:01;HLA-B*08:01;HLA-B*51:01;HLA-C*02:02;HLA-C*07:02,COMPLETE,6,LTQ Orbitrap XL,Homo sapiens,peripheral blood,chronic lymphocytic leukemia,W6/32 (pan-HLA class I),EXACT,yes,
UPN24_class_I_Rep3.RAW,dc707294aaaf734190c2bf4a117440abc19d4ed0dfb2b3042059096679e5f81b,525571158,8d6594fe3ed08214bcf7b3ddf51a5c5f6356493e,UPN24_classI,UPN24,1,3,1,I,HLA-A*01:01;HLA-A*02:01;HLA-B*08:01;HLA-B*51:01;HLA-C*02:02;HLA-C*07:02,COMPLETE,6,LTQ Orbitrap XL,Homo sapiens,peripheral blood,chronic lymphocytic leukemia,W6/32 (pan-HLA class I),EXACT,yes,
UPN24_class_I_Rep4.RAW,7a2af661f4bbe7896e10107cf0117e815ee2cd6b8b492242a597478eef3a0e90,528391822,89c9d8a537887aa204ee94d45f3cff5af4eafe03,UPN24_classI,UPN24,1,4,1,I,HLA-A*01:01;HLA-A*02:01;HLA-B*08:01;HLA-B*51:01;HLA-C*02:02;HLA-C*07:02,COMPLETE,6,LTQ Orbitrap XL,Homo sapiens,peripheral blood,chronic lymphocytic leukemia,W6/32 (pan-HLA class I),EXACT,yes,
UPN24_class_I_Rep5.RAW,74a736e975a2e00b98e7b7793fb93db909b9bbbc0156c59f9def1641b2d7575b,531984246,b8f9506373b30c56fd1f47eee59087eade196c83,UPN24_classI,UPN24,1,5,1,I,HLA-A*01:01;HLA-A*02:01;HLA-B*08:01;HLA-B*51:01;HLA-C*02:02;HLA-C*07:02,COMPLETE,6,LTQ Orbitrap XL,Homo sapiens,peripheral blood,chronic lymphocytic leukemia,W6/32 (pan-HLA class I),EXACT,yes,
UPN24_class_II_Rep1.RAW,bfd92f9e1d57ce7205704f0ed260c17cc2ddcb3c14e065b1de4e89e5380c713a,577867926,5ac1ed8ac9cefd99f658dfefd94186b56487b99a,UPN24_classII,UPN24,1,1,1,II,HLA-A*01:01;HLA-A*02:01;HLA-B*08:01;HLA-B*51:01;HLA-C*02:02;HLA-C*07:02,NA,,LTQ Orbitrap XL,Homo sapiens,peripheral blood,chronic lymphocytic leukemia,L243 (HLA-DR);Tue39 (pan-HLA class II),EXACT,no,class II
UPN24_class_II_Rep2.RAW,babc4ddb7bd2aeb8675715ab18a4920c80b170cf24793710b9e7b1fc3fc910f8,580567154,e5370cb58a81a8aafd69bedf88783ef98dc6ffcd,UPN24_classII,UPN24,1,2,1,II,HLA-A*01:01;HLA-A*02:01;HLA-B*08:01;HLA-B*51:01;HLA-C*02:02;HLA-C*07:02,NA,,LTQ Orbitrap XL,Homo sapiens,peripheral blood,chronic lymphocytic leukemia,L243 (HLA-DR);Tue39 (pan-HLA class II),EXACT,no,class II
UPN24_class_II_Rep3.RAW,bce7c96fb0854fc3602726ee566b5b0211c343f952f004ff8867cdb8b9637faf,579047586,a3962ec54ea0a807b4e2fb1ed6a629c179b71927,UPN24_classII,UPN24,1,3,1,II,HLA-A*01:01;HLA-A*02:01;HLA-B*08:01;HLA-B*51:01;HLA-C*02:02;HLA-C*07:02,NA,,LTQ Orbitrap XL,Homo sapiens,peripheral blood,chronic lymphocytic leukemia,L243 (HLA-DR);Tue39 (pan-HLA class II),EXACT,no,class II
UPN24_class_II_Rep4.RAW,d1207d6432b4efc243d3775ceae5d8399e88e0f78e1794b83e21294e526c3da2,581534838,3468cbfb6cd416fb9cabedeaa67ef9a7f0394b70,UPN24_classII,UPN24,1,4,1,II,HLA-A*01:01;HLA-A*02:01;HLA-B*08:01;HLA-B*51:01;HLA-C*02:02;HLA-C*07:02,NA,,LTQ Orbitrap XL,Homo sapiens,peripheral blood,chronic lymphocytic leukemia,L243 (HLA-DR);Tue39 (pan-HLA class II),EXACT,no,class II
UPN24_class_II_Rep5.RAW,eeff764299294f123ed10af6a996d0f3ea02eb044640377f3a8ddea7099c3235,586980520,538f7dd20d96b698a310e3f8f31cbd5f36cfeb33,UPN24_classII,UPN24,1,5,1,II,HLA-A*01:01;HLA-A*02:01;HLA-B*08:01;HLA-B*51:01;HLA-C*02:02;HLA-C*07:02,NA,,LTQ Orbitrap XL,Homo sapiens,peripheral blood,chronic lymphocytic leukemia,L243 (HLA-DR);Tue39 (pan-HLA class II),EXACT,no,class II
UPN25_class_I_Rep1.raw,667f9cc860a2b1c2e4b92dfc4ddd79095521d204bc80bed4215846573dea8287,531952028,c9dac5ced00590db94bb12f38d4b8244b6f10694,UPN25_classI,UPN25,1,1,1,I,HLA-A*02:01;HLA-A*24:02;HLA-B*51:01;HLA-B*57:01;HLA-C*01:02;HLA-C*06:02,COMPLETE,6,LTQ Orbitrap XL,Homo sapiens,peripheral blood,chronic lymphocytic leukemia,W6/32 (pan-HLA class I),EXACT,yes,
UPN25_class_I_Rep2.raw,880ee10f8d1f574ce1830631d254f1990e8adaa1861dcddd99fefde9dd3bcd99,531729232,21df5e4a93889370954934e15ea50bcaa1344ba8,UPN25_classI,UPN25,1,2,1,I,HLA-A*02:01;HLA-A*24:02;HLA-B*51:01;HLA-B*57:01;HLA-C*01:02;HLA-C*06:02,COMPLETE,6,LTQ Orbitrap XL,Homo sapiens,peripheral blood,chronic lymphocytic leukemia,W6/32 (pan-HLA class I),EXACT,yes,
UPN25_class_I_Rep3.raw,5c0f7e7a03a04f10a48b9b1c5160931d17f165de41d0df562243c8ef99a92eb1,535951210,8c70d32e8249ac9ebe9d730dfa170b7f429c5135,UPN25_classI,UPN25,1,3,1,I,HLA-A*02:01;HLA-A*24:02;HLA-B*51:01;HLA-B*57:01;HLA-C*01:02;HLA-C*06:02,COMPLETE,6,LTQ Orbitrap XL,Homo sapiens,peripheral blood,chronic lymphocytic leukemia,W6/32 (pan-HLA class I),EXACT,yes,
UPN25_class_II_Rep1.raw,17162ff3458487cdf964328aae90e8b014a8ba191c4bf0057523e11ef272ffea,655126050,9c8191f3544370fb4edc5be267b468a737b946f2,UPN25_classII,UPN25,1,1,1,II,HLA-A*02:01;HLA-A*24:02;HLA-B*51:01;HLA-B*57:01;HLA-C*01:02;HLA-C*06:02,NA,,LTQ Orbitrap XL,Homo sapiens,peripheral blood,chronic lymphocytic leukemia,L243 (HLA-DR);Tue39 (pan-HLA class II),EXACT,no,class II
UPN25_class_II_Rep2.raw,95c0753a79ae291f6fec9be26b727ac0ca86ab9f0c33bfb0bd1c33d23fe6e965,648292886,ec6f70754f7f98fed8ad35266a763d7e142d9f84,UPN25_classII,UPN25,1,2,1,II,HLA-A*02:01;HLA-A*24:02;HLA-B*51:01;HLA-B*57:01;HLA-C*01:02;HLA-C*06:02,NA,,LTQ Orbitrap XL,Homo sapiens,peripheral blood,chronic lymphocytic leukemia,L243 (HLA-DR);Tue39 (pan-HLA class II),EXACT,no,class II
UPN25_class_II_Rep3.raw,12b0430b9daa96c4759daaa6359a912fe49dc429f6a534c1e9e9ff8d9e6aff88,632722598,90cc50b6eee811fba4071c386f02fc6c260dd212,UPN25_classII,UPN25,1,3,1,II,HLA-A*02:01;HLA-A*24:02;HLA-B*51:01;HLA-B*57:01;HLA-C*01:02;HLA-C*06:02,NA,,LTQ Orbitrap XL,Homo sapiens,peripheral blood,chronic lymphocytic leukemia,L243 (HLA-DR);Tue39 (pan-HLA class II),EXACT,no,class II
UPN26_class_I_Rep1.raw,75f895d83474c01f79f31959da03d79974af918fdb8653e388671abd9b704dd9,981162238,8e2327574c5ffac700ed892e061a048543d41753,UPN26_classI,UPN26,1,1,1,I,HLA-A*01:01;HLA-A*03:01;HLA-B*07:02;HLA-B*44:02;HLA-C*05:01;HLA-C*07:02,COMPLETE,6,Orbitrap Fusion Lumos,Homo sapiens,peripheral blood,chronic lymphocytic leukemia,W6/32 (pan-HLA class I),EXACT,yes,
UPN26_class_I_Rep2.raw,084302b054956127be666ad3da3422d68c9271070a102e5645bc240c82b61c1c,978015622,f0bb0494cf1d857fb505a592b7c5c128424088e5,UPN26_classI,UPN26,1,2,1,I,HLA-A*01:01;HLA-A*03:01;HLA-B*07:02;HLA-B*44:02;HLA-C*05:01;HLA-C*07:02,COMPLETE,6,Orbitrap Fusion Lumos,Homo sapiens,peripheral blood,chronic lymphocytic leukemia,W6/32 (pan-HLA class I),EXACT,yes,
UPN26_class_I_Rep3.raw,638342f37547877b69d1a9818a4084fdcc5ebaa2d02f89a11c25046a6f5c1b86,979752056,2ae6b4bfa686ce3a2a7b17c7093076994b628146,UPN26_classI,UPN26,1,3,1,I,HLA-A*01:01;HLA-A*03:01;HLA-B*07:02;HLA-B*44:02;HLA-C*05:01;HLA-C*07:02,COMPLETE,6,Orbitrap Fusion Lumos,Homo sapiens,peripheral blood,chronic lymphocytic leukemia,W6/32 (pan-HLA class I),EXACT,yes,
UPN26_class_I_Rep4.raw,f24b528a14d0c1de59e5834c2d680b0cdbe740821ac3525d6dd02397fdce0ffe,976287358,acb2d1dc0374ec1947a7ae1b3f1b01488a13598a,UPN26_classI,UPN26,1,4,1,I,HLA-A*01:01;HLA-A*03:01;HLA-B*07:02;HLA-B*44:02;HLA-C*05:01;HLA-C*07:02,COMPLETE,6,Orbitrap Fusion Lumos,Homo sapiens,peripheral blood,chronic lymphocytic leukemia,W6/32 (pan-HLA class I),EXACT,yes,
UPN26_class_I_Rep5.raw,4804739feb9e22442feb522d59b3607f87990641ff0c72bdfd14d81c0cb98281,978046656,eb4e14f202a66eb6362054bdc01920a92ac63571,UPN26_classI,UPN26,1,5,1,I,HLA-A*01:01;HLA-A*03:01;HLA-B*07:02;HLA-B*44:02;HLA-C*05:01;HLA-C*07:02,COMPLETE,6,Orbitrap Fusion Lumos,Homo sapiens,peripheral blood,chronic lymphocytic leukemia,W6/32 (pan-HLA class I),EXACT,yes,
UPN26_class_I_Rep6.raw,1d876a13f900b5bbab19b0dc4e3640f3e1dd90f6c3166a0f66d62ac9cc1cfbdd,895999594,7c447fd71d262549eeb212ef696a605587224fff,UPN26_classI,UPN26,1,6,1,I,HLA-A*01:01;HLA-A*03:01;HLA-B*07:02;HLA-B*44:02;HLA-C*05:01;HLA-C*07:02,COMPLETE,6,Orbitrap Fusion Lumos,Homo sapiens,peripheral blood,chronic lymphocytic leukemia,W6/32 (pan-HLA class I),EXACT,yes,
UPN26_class_I_Rep7.raw,971fd7a8cff203491eb808cea892f7d04753097969a5e9e9e944686209e9b361,892770756,41871f057662c06543811606270c43b923a2f41e,UPN26_classI,UPN26,1,7,1,I,HLA-A*01:01;HLA-A*03:01;HLA-B*07:02;HLA-B*44:02;HLA-C*05:01;HLA-C*07:02,COMPLETE,6,Orbitrap Fusion Lumos,Homo sapiens,peripheral blood,chronic lymphocytic leukemia,W6/32 (pan-HLA class I),EXACT,yes,
UPN26_class_I_Rep8.raw,7e133dbaf1d14a6823e0c74ddd33b11af9ef8b507dc0e1e206258f580c341f5c,894505840,7de96a32ff5477d7900caca2f4142b5825393395,UPN26_classI,UPN26,1,8,1,I,HLA-A*01:01;HLA-A*03:01;HLA-B*07:02;HLA-B*44:02;HLA-C*05:01;HLA-C*07:02,COMPLETE,6,Orbitrap Fusion Lumos,Homo sapiens,peripheral blood,chronic lymphocytic leukemia,W6/32 (pan-HLA class I),EXACT,yes,
UPN26_class_I_Rep9.raw,c141f0acfcd4f4169c0c19f82ac29994e9a58e5f283964b9c164299e46a6f75b,889208574,d6cdb2bba05dfc20a9df4624d3a56c98035c308a,UPN26_classI,UPN26,1,9,1,I,HLA-A*01:01;HLA-A*03:01;HLA-B*07:02;HLA-B*44:02;HLA-C*05:01;HLA-C*07:02,COMPLETE,6,Orbitrap Fusion Lumos,Homo sapiens,peripheral blood,chronic lymphocytic leukemia,W6/32 (pan-HLA class I),EXACT,yes,
UPN26_class_I_Rep10.raw,e73782bdc98f4c269de8c727a0351976784e45f33b9fa2a1f89312ee7e0ebbeb,891880882,ae0b862eebe725821363229243c93b6c3ede3ba1,UPN26_classI,UPN26,1,10,1,I,HLA-A*01:01;HLA-A*03:01;HLA-B*07:02;HLA-B*44:02;HLA-C*05:01;HLA-C*07:02,COMPLETE,6,Orbitrap Fusion Lumos,Homo sapiens,peripheral blood,chronic lymphocytic leukemia,W6/32 (pan-HLA class I),EXACT,yes,
UPN26_class_I_Rep11.raw,dc2aef442a56ded515e1e3b97467ab08a55111a3c41d8de413a289cbb0d71ee5,866847082,8509c88e61298e2166c18a33ab78cf33c370fe5f,UPN26_classI,UPN26,1,11,1,I,HLA-A*01:01;HLA-A*03:01;HLA-B*07:02;HLA-B*44:02;HLA-C*05:01;HLA-C*07:02,COMPLETE,6,Orbitrap Fusion Lumos,Homo sapiens,peripheral blood,chronic lymphocytic leukemia,W6/32 (pan-HLA class I),EXACT,yes,
UPN26_class_I_Rep12.raw,bfc4e6a759e2c2284f4170586c53ce10657e05d09c960f27810260984887b7dc,864093382,a824274af3e4dc2f7193582b61901becd6985dba,UPN26_classI,UPN26,1,12,1,I,HLA-A*01:01;HLA-A*03:01;HLA-B*07:02;HLA-B*44:02;HLA-C*05:01;HLA-C*07:02,COMPLETE,6,Orbitrap Fusion Lumos,Homo sapiens,peripheral blood,chronic lymphocytic leukemia,W6/32 (pan-HLA class I),EXACT,yes,
UPN26_class_I_Rep13.raw,d1f4ff36b33901ee45c25a51bfe4db40979f276d2d5f5737fbd28172dc8a5b03,852651414,ef3d87fb3d8306e71da47dd22217a974db798e94,UPN26_classI,UPN26,1,13,1,I,HLA-A*01:01;HLA-A*03:01;HLA-B*07:02;HLA-B*44:02;HLA-C*05:01;HLA-C*07:02,COMPLETE,6,Orbitrap Fusion Lumos,Homo sapiens,peripheral blood,chronic lymphocytic leukemia,W6/32 (pan-HLA class I),EXACT,yes,
UPN26_class_I_Rep14.raw,5c78925ebbc5a8dd3c1a88d61548d453e5ddebeccda4a04dace5a8bcf7dafe99,850139380,64d21fd3b130c54e12e9085b2070f6da6a0459eb,UPN26_classI,UPN26,1,14,1,I,HLA-A*01:01;HLA-A*03:01;HLA-B*07:02;HLA-B*44:02;HLA-C*05:01;HLA-C*07:02,COMPLETE,6,Orbitrap Fusion Lumos,Homo sapiens,peripheral blood,chronic lymphocytic leukemia,W6/32 (pan-HLA class I),EXACT,yes,
UPN26_class_I_Rep15.raw,a66f8ec52452b69149161ae238f804452ef3230701bcf82c2af06c578b011255,848171402,1b019a15129d97b0824bf8cc7bdac8828ef3399b,UPN26_classI,UPN26,1,15,1,I,HLA-A*01:01;HLA-A*03:01;HLA-B*07:02;HLA-B*44:02;HLA-C*05:01;HLA-C*07:02,COMPLETE,6,Orbitrap Fusion Lumos,Homo sapiens,peripheral blood,chronic lymphocytic leukemia,W6/32 (pan-HLA class I),EXACT,yes,
UPN26_class_II_Rep1.raw,7f6912d8a9d9a2d02795f0213fa7a9f7f7f3e4644dbe91cd64500b197877311f,937343122,494cf981b9a35c74f97abb0b3a19e9ffc5028fa2,UPN26_classII,UPN26,1,1,1,II,HLA-A*01:01;HLA-A*03:01;HLA-B*07:02;HLA-B*44:02;HLA-C*05:01;HLA-C*07:02,NA,,Orbitrap Fusion Lumos,Homo sapiens,peripheral blood,chronic lymphocytic leukemia,L243 (HLA-DR);Tue39 (pan-HLA class II),EXACT,no,class II
UPN26_class_II_Rep2.raw,2e690d014985d3f4d8da25e2ab57da5f8f79fdd417a2a0369e893c1970a26d48,936088278,96dbb69cd30838e61e7296a7f6df030c5914e79f,UPN26_classII,UPN26,1,2,1,II,HLA-A*01:01;HLA-A*03:01;HLA-B*07:02;HLA-B*44:02;HLA-C*05:01;HLA-C*07:02,NA,,Orbitrap Fusion Lumos,Homo sapiens,peripheral blood,chronic lymphocytic leukemia,L243 (HLA-DR);Tue39 (pan-HLA class II),EXACT,no,class II
UPN26_class_II_Rep3.raw,817544c3d00d72e4f2cd39f076d2ece55fa4b71c960f3b993b3085cd43ef8c6b,924605056,e265c8072b64ea48e8cb6aa360d1aa050af7a08c,UPN26_classII,UPN26,1,3,1,II,HLA-A*01:01;HLA-A*03:01;HLA-B*07:02;HLA-B*44:02;HLA-C*05:01;HLA-C*07:02,NA,,Orbitrap Fusion Lumos,Homo sapiens,peripheral blood,chronic lymphocytic leukemia,L243 (HLA-DR);Tue39 (pan-HLA class II),EXACT,no,class II
UPN26_class_II_Rep4.raw,3654b43956cd6d4f3fbf9cb58ce6b1c642a4622a4f81601f58b256afd29229d2,923692992,47433fc9241f4fa1fe0ff788405622ae84f6e5f4,UPN26_classII,UPN26,1,4,1,II,HLA-A*01:01;HLA-A*03:01;HLA-B*07:02;HLA-B*44:02;HLA-C*05:01;HLA-C*07:02,NA,,Orbitrap Fusion Lumos,Homo sapiens,peripheral blood,chronic lymphocytic leukemia,L243 (HLA-DR);Tue39 (pan-HLA class II),EXACT,no,class II
UPN26_class_II_Rep5.raw,9511e62bfbfac44aa20dbf60d2c92efe93c714878533fe967f2c63b5e1cff526,920002966,8f03b7da61865c400479f6669e5738f3e04616e9,UPN26_classII,UPN26,1,5,1,II,HLA-A*01:01;HLA-A*03:01;HLA-B*07:02;HLA-B*44:02;HLA-C*05:01;HLA-C*07:02,NA,,Orbitrap Fusion Lumos,Homo sapiens,peripheral blood,chronic lymphocytic leukemia,L243 (HLA-DR);Tue39 (pan-HLA class II),EXACT,no,class II
UPN26_class_II_Rep6.raw,ca7f9b47183ae81261f1b59f889b0272f2c66ec0ffbbe45c43a77a2b5fc4d404,957607242,17266cc445e36837638c02aa8db25bc3b921cbb8,UPN26_classII,UPN26,1,6,1,II,HLA-A*01:01;HLA-A*03:01;HLA-B*07:02;HLA-B*44:02;HLA-C*05:01;HLA-C*07:02,NA,,Orbitrap Fusion Lumos,Homo sapiens,peripheral blood,chronic lymphocytic leukemia,L243 (HLA-DR);Tue39 (pan-HLA class II),EXACT,no,class II
UPN26_class_II_Rep7.raw,1b333bd57b8ec9f607508b827a137dac3a1dcf6ca18b49bbdb2288d8da192589,966618592,bfaaeff0bf3d7deff92c04ff8cbe586ba02e75b5,UPN26_classII,UPN26,1,7,1,II,HLA-A*01:01;HLA-A*03:01;HLA-B*07:02;HLA-B*44:02;HLA-C*05:01;HLA-C*07:02,NA,,Orbitrap Fusion Lumos,Homo sapiens,peripheral blood,chronic lymphocytic leukemia,L243 (HLA-DR);Tue39 (pan-HLA class II),EXACT,no,class II
UPN26_class_II_Rep8.raw,4d22f8c9069d875b1d166fc3e5879fa1a5bc7817c36ae99d1b76346dbdfd60c0,963547786,6e0fdaa779452b1598505aa386f8aa4846347456,UPN26_classII,UPN26,1,8,1,II,HLA-A*01:01;HLA-A*03:01;HLA-B*07:02;HLA-B*44:02;HLA-C*05:01;HLA-C*07:02,NA,,Orbitrap Fusion Lumos,Homo sapiens,peripheral blood,chronic lymphocytic leukemia,L243 (HLA-DR);Tue39 (pan-HLA class II),EXACT,no,class II
UPN26_class_II_Rep9.raw,4fee990397012d8d5b83b11dbfe75619b3f21a016f227429603f21f5d2ef6a11,963030996,1c9e0f30e947a35c20dcbaad20bf9a5ba640ca32,UPN26_classII,UPN26,1,9,1,II,HLA-A*01:01;HLA-A*03:01;HLA-B*07:02;HLA-B*44:02;HLA-C*05:01;HLA-C*07:02,NA,,Orbitrap Fusion Lumos,Homo sapiens,peripheral blood,chronic lymphocytic leukemia,L243 (HLA-DR);Tue39 (pan-HLA class II),EXACT,no,class II
UPN26_class_II_Rep10.raw,8738bab930a05b304007b62ddc05e8bdf069d389d650edc18f4900bb6b3ef7b4,954300596,1ba8ba20853f0b9b039091394a9c7f2f1048eb0a,UPN26_classII,UPN26,1,10,1,II,HLA-A*01:01;HLA-A*03:01;HLA-B*07:02;HLA-B*44:02;HLA-C*05:01;HLA-C*07:02,NA,,Orbitrap Fusion Lumos,Homo sapiens,peripheral blood,chronic lymphocytic leukemia,L243 (HLA-DR);Tue39 (pan-HLA class II),EXACT,no,class II
UPN26_class_II_Rep11.raw,deb0cf36399201b5acac243ccf4882edf845cfb8ff3272e32a7a7b43d6976677,902615674,a83c39dde2c4f6e823778d660a23c7da5d3c9156,UPN26_classII,UPN26,1,11,1,II,HLA-A*01:01;HLA-A*03:01;HLA-B*07:02;HLA-B*44:02;HLA-C*05:01;HLA-C*07:02,NA,,Orbitrap Fusion Lumos,Homo sapiens,peripheral blood,chronic lymphocytic leukemia,L243 (HLA-DR);Tue39 (pan-HLA class II),EXACT,no,class II
UPN26_class_II_Rep12.raw,e5bc46a220030f99cef4eae8769c0b45a6d99afcb25a0fb717a53ad26abd67d9,904197442,89f59825ede5320ce3fd84d351e4619f8efd350d,UPN26_classII,UPN26,1,12,1,II,HLA-A*01:01;HLA-A*03:01;HLA-B*07:02;HLA-B*44:02;HLA-C*05:01;HLA-C*07:02,NA,,Orbitrap Fusion Lumos,Homo sapiens,peripheral blood,chronic lymphocytic leukemia,L243 (HLA-DR);Tue39 (pan-HLA class II),EXACT,no,class II
UPN26_class_II_Rep13.raw,c68171df48e7e4e7bae19ef446604bef0cfdc309696fbe4ac0cf67149e9079eb,904323348,d7496ea4dd81db29c1b7b2698c457c8aaacd492c,UPN26_classII,UPN26,1,13,1,II,HLA-A*01:01;HLA-A*03:01;HLA-B*07:02;HLA-B*44:02;HLA-C*05:01;HLA-C*07:02,NA,,Orbitrap Fusion Lumos,Homo sapiens,peripheral blood,chronic lymphocytic leukemia,L243 (HLA-DR);Tue39 (pan-HLA class II),EXACT,no,class II
UPN26_class_II_Rep14.raw,bc1807033c09093eb4213297ddcd0bf312f91c33cb0563480a8889108ae8f7bc,902413446,05464a1debe5916da8dd75b1be122764f0331ba8,UPN26_classII,UPN26,1,14,1,II,HLA-A*01:01;HLA-A*03:01;HLA-B*07:02;HLA-B*44:02;HLA-C*05:01;HLA-C*07:02,NA,,Orbitrap Fusion Lumos,Homo sapiens,peripheral blood,chronic lymphocytic leukemia,L243 (HLA-DR);Tue39 (pan-HLA class II),EXACT,no,class II
UPN26_class_II_Rep15.raw,cc94c8a7d4104e220e3e3fe9e239dedeeda5d9286db4c3493828ebdbefae2ff7,896318718,500237b6d84791cec61335780a181e5d1540d1f3,UPN26_classII,UPN26,1,15,1,II,HLA-A*01:01;HLA-A*03:01;HLA-B*07:02;HLA-B*44:02;HLA-C*05:01;HLA-C*07:02,NA,,Orbitrap Fusion Lumos,Homo sapiens,peripheral blood,chronic lymphocytic leukemia,L243 (HLA-DR);Tue39 (pan-HLA class II),EXACT,no,class II
UPN27_class_I_Rep1.raw,71682d9b997a39449f8dd6f8b495f604b60175fa95d0117cde057045a218d7b7,600089238,f4d4dc7c965b23f276eb1641c688cd2e087f080e,UPN27_classI,UPN27,1,1,1,I,HLA-A*01:01;HLA-A*02:01;HLA-B*08:01;HLA-B*27:02;HLA-C*02:02;HLA-C*07:01,COMPLETE,6,Orbitrap Fusion Lumos,Homo sapiens,peripheral blood,chronic lymphocytic leukemia,W6/32 (pan-HLA class I),EXACT,yes,
UPN27_class_I_Rep2.raw,b07c1f84811c240569bb9a79d0c5f4f03afda49b445789be704c7596d9d96b85,609396602,2f1de1bafa2563acb9612ee26cf8df909d8579fd,UPN27_classI,UPN27,1,2,1,I,HLA-A*01:01;HLA-A*02:01;HLA-B*08:01;HLA-B*27:02;HLA-C*02:02;HLA-C*07:01,COMPLETE,6,Orbitrap Fusion Lumos,Homo sapiens,peripheral blood,chronic lymphocytic leukemia,W6/32 (pan-HLA class I),EXACT,yes,
UPN27_class_I_Rep3.raw,f8551e804355bb45bfc2ed34f9ebabd4f010fab6f94353ff208091ceebab59e3,610916902,22e997f158d906d3f834b0e6d4750740a366224c,UPN27_classI,UPN27,1,3,1,I,HLA-A*01:01;HLA-A*02:01;HLA-B*08:01;HLA-B*27:02;HLA-C*02:02;HLA-C*07:01,COMPLETE,6,Orbitrap Fusion Lumos,Homo sapiens,peripheral blood,chronic lymphocytic leukemia,W6/32 (pan-HLA class I),EXACT,yes,
UPN27_class_II_Rep1.raw,f94dda6ebcc6f69a23cbd18c34aeeff3986cc8910d48f42f333edbed58c6286e,889967454,17042ad32736a00eba09204f3f3c102a291cea91,UPN27_classII,UPN27,1,1,1,II,HLA-A*01:01;HLA-A*02:01;HLA-B*08:01;HLA-B*27:02;HLA-C*02:02;HLA-C*07:01,NA,,Orbitrap Fusion Lumos,Homo sapiens,peripheral blood,chronic lymphocytic leukemia,L243 (HLA-DR);Tue39 (pan-HLA class II),EXACT,no,class II
UPN27_class_II_Rep2.raw,334905e3111bde58306a1069ba487b242e36f6657b9c1225290f85b4b25d443e,883014620,5681ea02473285179f409e85a1b60f2c6d89cb86,UPN27_classII,UPN27,1,2,1,II,HLA-A*01:01;HLA-A*02:01;HLA-B*08:01;HLA-B*27:02;HLA-C*02:02;HLA-C*07:01,NA,,Orbitrap Fusion Lumos,Homo sapiens,peripheral blood,chronic lymphocytic leukemia,L243 (HLA-DR);Tue39 (pan-HLA class II),EXACT,no,class II
UPN27_class_II_Rep3.raw,21191a93c9d78ddcc5d4459b62d791e14a013cc611c42d15c992d77e9119488f,884223300,39cafb364d7d72cbc854612d8cfbfb9fcf91f486,UPN27_classII,UPN27,1,3,1,II,HLA-A*01:01;HLA-A*02:01;HLA-B*08:01;HLA-B*27:02;HLA-C*02:02;HLA-C*07:01,NA,,Orbitrap Fusion Lumos,Homo sapiens,peripheral blood,chronic lymphocytic leukemia,L243 (HLA-DR);Tue39 (pan-HLA class II),EXACT,no,class II
UPN28_class_I_Rep1.raw,c085924bbcf754c1c1e65195078fc419b4f0c1cff11c98a5cf917ff2cfb633be,562811266,1e418319cab7963b15362d2e5c72b034428cfe17,UPN28_classI,UPN28,1,1,1,I,HLA-A*02:01;HLA-B*15:01;HLA-B*56:01;HLA-C*01:02;HLA-C*03:04,PARTIAL,5,Orbitrap Fusion Lumos,Homo sapiens,peripheral blood,chronic lymphocytic leukemia,W6/32 (pan-HLA class I),EXACT,yes,
UPN28_class_I_Rep2.raw,8dceccacd87c97095d59ea025f1bec15e583ab6f4f33924e9b9a3ddc8d3190a8,564651290,52a7f78a54019160a5972c2aeff958d587045ee4,UPN28_classI,UPN28,1,2,1,I,HLA-A*02:01;HLA-B*15:01;HLA-B*56:01;HLA-C*01:02;HLA-C*03:04,PARTIAL,5,Orbitrap Fusion Lumos,Homo sapiens,peripheral blood,chronic lymphocytic leukemia,W6/32 (pan-HLA class I),EXACT,yes,
UPN28_class_I_Rep3.raw,049bcff5a90d4dae7d8ae56a333fa52c71515807424a4bfd1711dba99cdcfc68,564628122,b114855e73f6e45a87defb0d47f4a7db7d358c41,UPN28_classI,UPN28,1,3,1,I,HLA-A*02:01;HLA-B*15:01;HLA-B*56:01;HLA-C*01:02;HLA-C*03:04,PARTIAL,5,Orbitrap Fusion Lumos,Homo sapiens,peripheral blood,chronic lymphocytic leukemia,W6/32 (pan-HLA class I),EXACT,yes,
UPN28_class_II_Rep1.raw,df4793021f369a6e0b02d6970aafb3baea55e55d0f9491343079d4e43d91a96d,943567588,47542dd6c61cc41f875a70f72ee41dfca200ec41,UPN28_classII,UPN28,1,1,1,II,HLA-A*02:01;HLA-B*15:01;HLA-B*56:01;HLA-C*01:02;HLA-C*03:04,NA,,Orbitrap Fusion Lumos,Homo sapiens,peripheral blood,chronic lymphocytic leukemia,L243 (HLA-DR);Tue39 (pan-HLA class II),EXACT,no,class II
UPN28_class_II_Rep2.raw,932671bd32fe5adb3343572e163c56680507463f6d7eae4b1f4e4da14671600e,949616820,bef9784798451cbc06207844509d0cc81aa31ef8,UPN28_classII,UPN28,1,2,1,II,HLA-A*02:01;HLA-B*15:01;HLA-B*56:01;HLA-C*01:02;HLA-C*03:04,NA,,Orbitrap Fusion Lumos,Homo sapiens,peripheral blood,chronic lymphocytic leukemia,L243 (HLA-DR);Tue39 (pan-HLA class II),EXACT,no,class II
UPN28_class_II_Rep3.raw,1efd1d3ee312dc06bb44c6879b45d03f71d969f6ea5abbc59ee074da98708288,943891954,0eadf04ccbc45ad7574b36c718f56c320aebb1a2,UPN28_classII,UPN28,1,3,1,II,HLA-A*02:01;HLA-B*15:01;HLA-B*56:01;HLA-C*01:02;HLA-C*03:04,NA,,Orbitrap Fusion Lumos,Homo sapiens,peripheral blood,chronic lymphocytic leukemia,L243 (HLA-DR);Tue39 (pan-HLA class II),EXACT,no,class II
UPN29_class_I_Rep1.raw,ef1c8a87a95ed405a988cd340b0f462a1a3812a3519b488206ac21f975ad6171,560511134,0f4b7c3f6741f8f8232d193cfd9d6f91979c1faa,UPN29_classI,UPN29,1,1,1,I,HLA-A*24:02;HLA-A*26:01;HLA-B*27:05;HLA-B*39:01;HLA-C*01:02;HLA-C*07:02,COMPLETE,6,Orbitrap Fusion Lumos,Homo sapiens,peripheral blood,chronic lymphocytic leukemia,W6/32 (pan-HLA class I),EXACT,yes,
UPN29_class_I_Rep2.raw,40fe16aec41fa2176a68de4101151f7dd3634984fe00ff00c69308ac52ee3b7d,559563168,83827ca8a353f9a3b4f9f9cb502406dd098b99d7,UPN29_classI,UPN29,1,2,1,I,HLA-A*24:02;HLA-A*26:01;HLA-B*27:05;HLA-B*39:01;HLA-C*01:02;HLA-C*07:02,COMPLETE,6,Orbitrap Fusion Lumos,Homo sapiens,peripheral blood,chronic lymphocytic leukemia,W6/32 (pan-HLA class I),EXACT,yes,
UPN29_class_I_Rep3.raw,cde63fbfd36dc4596f60a0a373c8b560c70b8db8c3635077ee419fbba0e061f0,558928164,d7c6636e8f70028ed4b1505da60f72d406a022e7,UPN29_classI,UPN29,1,3,1,I,HLA-A*24:02;HLA-A*26:01;HLA-B*27:05;HLA-B*39:01;HLA-C*01:02;HLA-C*07:02,COMPLETE,6,Orbitrap Fusion Lumos,Homo sapiens,peripheral blood,chronic lymphocytic leukemia,W6/32 (pan-HLA class I),EXACT,yes,
UPN29_class_II_Rep1.raw,f8a75fb7b2e09c3590dfa05755b776ed2b77b7dc2645f38b0f2476ea9c543f50,817972104,7fe51ae5b8e1071a6d86c15c8e6e0b82b5b1f161,UPN29_classII,UPN29,1,1,1,II,HLA-A*24:02;HLA-A*26:01;HLA-B*27:05;HLA-B*39:01;HLA-C*01:02;HLA-C*07:02,NA,,Orbitrap Fusion Lumos,Homo sapiens,peripheral blood,chronic lymphocytic leukemia,L243 (HLA-DR);Tue39 (pan-HLA class II),EXACT,no,class II
UPN29_class_II_Rep2.raw,7f1b21c25626f1de0c53651d3da743d94d0d3d8d7352d2d8990352c32a56d3ba,817575674,f26a7aef9c5796bd39e93f1a7708fee7c0cb7e03,UPN29_classII,UPN29,1,2,1,II,HLA-A*24:02;HLA-A*26:01;HLA-B*27:05;HLA-B*39:01;HLA-C*01:02;HLA-C*07:02,NA,,Orbitrap Fusion Lumos,Homo sapiens,peripheral blood,chronic lymphocytic leukemia,L243 (HLA-DR);Tue39 (pan-HLA class II),EXACT,no,class II
UPN29_class_II_Rep3.raw,ea1af8a0685e942e7933545a1df0d4593ddb5f7c9da0021e2630ef1d1c0517ac,815775998,404dc6d80922d6c00098a093e63239d63c4fb118,UPN29_classII,UPN29,1,3,1,II,HLA-A*24:02;HLA-A*26:01;HLA-B*27:05;HLA-B*39:01;HLA-C*01:02;HLA-C*07:02,NA,,Orbitrap Fusion Lumos,Homo sapiens,peripheral blood,chronic lymphocytic leukemia,L243 (HLA-DR);Tue39 (pan-HLA class II),EXACT,no,class II
UPN30_class_I_Rep1.raw,3b85e8595886fe6f58eae1929c03f0ecad66b82be4a454b206e1102165a8180f,572141768,8d64236b9105f432f6623670963a747d537206ea,UPN30_classI,UPN30,1,1,1,I,HLA-A*02:01;HLA-B*07:02;HLA-B*18:01;HLA-C*03:04;HLA-C*06:02,PARTIAL,5,Orbitrap Fusion Lumos,Homo sapiens,peripheral blood,chronic lymphocytic leukemia,W6/32 (pan-HLA class I),EXACT,yes,
UPN30_class_I_Rep2.raw,fab1e301b676f951c6f70f3cda8b26ba6f3bf12e3d6786b54f3291b8e6bc785b,574375464,4bd6a6d673f784ec677cadeb9b4c3d697abff583,UPN30_classI,UPN30,1,2,1,I,HLA-A*02:01;HLA-B*07:02;HLA-B*18:01;HLA-C*03:04;HLA-C*06:02,PARTIAL,5,Orbitrap Fusion Lumos,Homo sapiens,peripheral blood,chronic lymphocytic leukemia,W6/32 (pan-HLA class I),EXACT,yes,
UPN30_class_I_Rep3.raw,da9968057e955281b67ca1a3802162bc94f48f7c46c56cfd43d35337242bd2b8,568101846,268a4781d7c516ccc8d33e753c16fbabe23aa29a,UPN30_classI,UPN30,1,3,1,I,HLA-A*02:01;HLA-B*07:02;HLA-B*18:01;HLA-C*03:04;HLA-C*06:02,PARTIAL,5,Orbitrap Fusion Lumos,Homo sapiens,peripheral blood,chronic lymphocytic leukemia,W6/32 (pan-HLA class I),EXACT,yes,
UPN30_class_II_Rep1.raw,50490ab766942f3274784b3d2c896c4d6409cf72b738fc88d49c0ae68fe1ee75,851127006,f929fb7f0016274355d8ba086dea1b49f18baf0e,UPN30_classII,UPN30,1,1,1,II,HLA-A*02:01;HLA-B*07:02;HLA-B*18:01;HLA-C*03:04;HLA-C*06:02,NA,,Orbitrap Fusion Lumos,Homo sapiens,peripheral blood,chronic lymphocytic leukemia,L243 (HLA-DR);Tue39 (pan-HLA class II),EXACT,no,class II
UPN30_class_II_Rep2.raw,098017dc50af9c3642b5826d9ea3915526124ed69e13e8e520fc20037d2fab9f,831730248,64b9356a055117c00b2b62002d951a92ac1d4388,UPN30_classII,UPN30,1,2,1,II,HLA-A*02:01;HLA-B*07:02;HLA-B*18:01;HLA-C*03:04;HLA-C*06:02,NA,,Orbitrap Fusion Lumos,Homo sapiens,peripheral blood,chronic lymphocytic leukemia,L243 (HLA-DR);Tue39 (pan-HLA class II),EXACT,no,class II
UPN30_class_II_Rep3.raw,547fd9986e9653d703d4cfd9101de2c3b5c23a3d625a0666514b402951286c4e,813747068,fcf32d635bee4b72eb9e35c8ef1a5e130f75ee0c,UPN30_classII,UPN30,1,3,1,II,HLA-A*02:01;HLA-B*07:02;HLA-B*18:01;HLA-C*03:04;HLA-C*06:02,NA,,Orbitrap Fusion Lumos,Homo sapiens,peripheral blood,chronic lymphocytic leukemia,L243 (HLA-DR);Tue39 (pan-HLA class II),EXACT,no,class II
UPN31_class_I_Rep1.raw,1a7724c2d852bf7fc7ceb000b22b3dedfe54cdcea09069ea764ef134efb4cc76,545524056,d974928ee97647f6af7320e7d5de9afe3248b031,UPN31_classI,UPN31,1,1,1,I,HLA-A*02:01;HLA-A*11:01;HLA-B*35:01;HLA-B*40:01;HLA-C*03:04;HLA-C*04:01,COMPLETE,6,Orbitrap Fusion Lumos,Homo sapiens,peripheral blood,chronic lymphocytic leukemia,W6/32 (pan-HLA class I),EXACT,yes,
UPN31_class_I_Rep2.raw,f847474d1eba28d1ba22807a118a56ff6b3a4d8d069a288e7b6dae9250fbe811,552100006,1d51917057e49c1193d08c9e3b997ddb10d3ec4b,UPN31_classI,UPN31,1,2,1,I,HLA-A*02:01;HLA-A*11:01;HLA-B*35:01;HLA-B*40:01;HLA-C*03:04;HLA-C*04:01,COMPLETE,6,Orbitrap Fusion Lumos,Homo sapiens,peripheral blood,chronic lymphocytic leukemia,W6/32 (pan-HLA class I),EXACT,yes,
UPN31_class_I_Rep3.raw,5b65c7d4f518ab08c793c932332d562d811b8bbd075d51e53136fa8fc7a8b89b,546098436,f51c0ac73f9966a288f947c9c10e874302c68378,UPN31_classI,UPN31,1,3,1,I,HLA-A*02:01;HLA-A*11:01;HLA-B*35:01;HLA-B*40:01;HLA-C*03:04;HLA-C*04:01,COMPLETE,6,Orbitrap Fusion Lumos,Homo sapiens,peripheral blood,chronic lymphocytic leukemia,W6/32 (pan-HLA class I),EXACT,yes,
UPN31_class_II_Rep1.raw,b6a47178cdcf4d28a8e4fdda2f742722e2699ebde161017daf3d7a2af53e403a,823670630,91b741ff783751ad6d24b0e9779f16f450f993d2,UPN31_classII,UPN31,1,1,1,II,HLA-A*02:01;HLA-A*11:01;HLA-B*35:01;HLA-B*40:01;HLA-C*03:04;HLA-C*04:01,NA,,Orbitrap Fusion Lumos,Homo sapiens,peripheral blood,chronic lymphocytic leukemia,L243 (HLA-DR);Tue39 (pan-HLA class II),EXACT,no,class II
UPN31_class_II_Rep2.raw,e84495f94cdda72f70698550cf65c1eff8ed83826ffbdda91f77689a6b454fdf,820098518,d5235f566778e46e15587591f20bbf277a22a481,UPN31_classII,UPN31,1,2,1,II,HLA-A*02:01;HLA-A*11:01;HLA-B*35:01;HLA-B*40:01;HLA-C*03:04;HLA-C*04:01,NA,,Orbitrap Fusion Lumos,Homo sapiens,peripheral blood,chronic lymphocytic leukemia,L243 (HLA-DR);Tue39 (pan-HLA class II),EXACT,no,class II
UPN31_class_II_Rep3.raw,1b87ddc269d0e9493553b3ac3212f89b0f66e8843cd3a09c3a9495b065ee45be,819546076,d994b89bc6d2610b756b235b5b926a440d539eb3,UPN31_classII,UPN31,1,3,1,II,HLA-A*02:01;HLA-A*11:01;HLA-B*35:01;HLA-B*40:01;HLA-C*03:04;HLA-C*04:01,NA,,Orbitrap Fusion Lumos,Homo sapiens,peripheral blood,chronic lymphocytic leukemia,L243 (HLA-DR);Tue39 (pan-HLA class II),EXACT,no,class II
UPN32_class_I_Rep1.raw,255c3b2b3a6fabb9b9379d01d2c336d0f8bcec9e535fcc6d101ab815a27afe1b,470295138,cecc0369092c0600ad92f5aedaa6001cbdd0c658,UPN32_classI,UPN32,1,1,1,I,HLA-A*01:01;HLA-A*24:02;HLA-B*07:02;HLA-B*08:01;HLA-C*07:02,PARTIAL,5,Orbitrap Fusion Lumos,Homo sapiens,peripheral blood,chronic lymphocytic leukemia,W6/32 (pan-HLA class I),EXACT,yes,
UPN32_class_I_Rep2.raw,3faccc47c088f21af017e442f94e9dc84898d406f931cf2101ff269fa49f885c,467349322,ac49468d271b5d9641c143f704ad3fcd119c85a8,UPN32_classI,UPN32,1,2,1,I,HLA-A*01:01;HLA-A*24:02;HLA-B*07:02;HLA-B*08:01;HLA-C*07:02,PARTIAL,5,Orbitrap Fusion Lumos,Homo sapiens,peripheral blood,chronic lymphocytic leukemia,W6/32 (pan-HLA class I),EXACT,yes,
UPN32_class_I_Rep3.raw,7241b2e7183f07ba6817633247a88076bcb9c0f78251d7a2922d452ec6d7a09b,465192672,0fdb3fda09082e0de34f0913f575ba7f6c6adf98,UPN32_classI,UPN32,1,3,1,I,HLA-A*01:01;HLA-A*24:02;HLA-B*07:02;HLA-B*08:01;HLA-C*07:02,PARTIAL,5,Orbitrap Fusion Lumos,Homo sapiens,peripheral blood,chronic lymphocytic leukemia,W6/32 (pan-HLA class I),EXACT,yes,
UPN32_class_II_Rep1.raw,81865fb895a15b34c9e0367814c7874f7caa86e6c8644bc17e24023d97eb6200,715429826,0ea89522ddeeda40b2bd69d8df19b5b77017be8b,UPN32_classII,UPN32,1,1,1,II,HLA-A*01:01;HLA-A*24:02;HLA-B*07:02;HLA-B*08:01;HLA-C*07:02,NA,,Orbitrap Fusion Lumos,Homo sapiens,peripheral blood,chronic lymphocytic leukemia,L243 (HLA-DR);Tue39 (pan-HLA class II),EXACT,no,class II
UPN32_class_II_Rep2.raw,ffdd5d7e99ff094b83bfc0429ba48aec872e0f4b679f805a45b20e47ad977c9e,768908880,07d7e507e43c1a21ea96ebed2486c22709d6e913,UPN32_classII,UPN32,1,2,1,II,HLA-A*01:01;HLA-A*24:02;HLA-B*07:02;HLA-B*08:01;HLA-C*07:02,NA,,Orbitrap Fusion Lumos,Homo sapiens,peripheral blood,chronic lymphocytic leukemia,L243 (HLA-DR);Tue39 (pan-HLA class II),EXACT,no,class II
UPN32_class_II_Rep3.raw,2ae68f235986b8b7b55e20a11a29a00269d1b41fb952aba652cbeda116d32363,763923240,b6d6bc3d52b1b653258f6d65fff65cb5df781435,UPN32_classII,UPN32,1,3,1,II,HLA-A*01:01;HLA-A*24:02;HLA-B*07:02;HLA-B*08:01;HLA-C*07:02,NA,,Orbitrap Fusion Lumos,Homo sapiens,peripheral blood,chronic lymphocytic leukemia,L243 (HLA-DR);Tue39 (pan-HLA class II),EXACT,no,class II
UPN33_class_I_Rep1.raw,785fd9d4a3fe81f83d674c755a593016c84ebf9d7ac6bf23646979adc8b1eb86,475742910,8ba78e81f6763a8be53ee947235562cf7e45f7c4,UPN33_classI,UPN33,1,1,1,I,HLA-A*02:01;HLA-A*68:01;HLA-B*38:01;HLA-B*51:01;HLA-C*12:03;HLA-C*14:02,COMPLETE,6,Orbitrap Fusion Lumos,Homo sapiens,peripheral blood,chronic lymphocytic leukemia,W6/32 (pan-HLA class I),EXACT,yes,
UPN33_class_I_Rep2.raw,df67c628beb5e66959057100fdeb8c28880d06b6ffa88e7529593d64c32aeb6d,474307476,2ec85b7a11cc9f3e0db4ba0ae71abc872548bedc,UPN33_classI,UPN33,1,2,1,I,HLA-A*02:01;HLA-A*68:01;HLA-B*38:01;HLA-B*51:01;HLA-C*12:03;HLA-C*14:02,COMPLETE,6,Orbitrap Fusion Lumos,Homo sapiens,peripheral blood,chronic lymphocytic leukemia,W6/32 (pan-HLA class I),EXACT,yes,
UPN33_class_I_Rep3.raw,3b9eff6f1f921a197105c66e0a43648b09c4c06500dca72ee2b99e399167786e,477456774,998c15635000346e7c56091029a1a2fea88ff951,UPN33_classI,UPN33,1,3,1,I,HLA-A*02:01;HLA-A*68:01;HLA-B*38:01;HLA-B*51:01;HLA-C*12:03;HLA-C*14:02,COMPLETE,6,Orbitrap Fusion Lumos,Homo sapiens,peripheral blood,chronic lymphocytic leukemia,W6/32 (pan-HLA class I),EXACT,yes,
UPN33_class_II_Rep1.raw,9bc5115917921cd93a54f0c0b2cf2cc77e31f6c4a22911f8574d274ef1fbb54d,798823930,c12bd92a246c72061fa975500dc25bca6dfa9c72,UPN33_classII,UPN33,1,1,1,II,HLA-A*02:01;HLA-A*68:01;HLA-B*38:01;HLA-B*51:01;HLA-C*12:03;HLA-C*14:02,NA,,Orbitrap Fusion Lumos,Homo sapiens,peripheral blood,chronic lymphocytic leukemia,L243 (HLA-DR);Tue39 (pan-HLA class II),EXACT,no,class II
UPN33_class_II_Rep2.raw,acab75750e3836750c7947db22dc82f49c02b8c398c832ea0a4abe6b1cac44fa,796270228,e3a4c27262f83293b3796b3c11b2f3f143005e09,UPN33_classII,UPN33,1,2,1,II,HLA-A*02:01;HLA-A*68:01;HLA-B*38:01;HLA-B*51:01;HLA-C*12:03;HLA-C*14:02,NA,,Orbitrap Fusion Lumos,Homo sapiens,peripheral blood,chronic lymphocytic leukemia,L243 (HLA-DR);Tue39 (pan-HLA class II),EXACT,no,class II
UPN33_class_II_Rep3.raw,d1dc2046be5130e62a958aba4d7dcb138643d26c9fd2c080f9426b2da31dbd0e,803648900,fd7e43c13d10f3ccba5a5742d0786ccacb6ab450,UPN33_classII,UPN33,1,3,1,II,HLA-A*02:01;HLA-A*68:01;HLA-B*38:01;HLA-B*51:01;HLA-C*12:03;HLA-C*14:02,NA,,Orbitrap Fusion Lumos,Homo sapiens,peripheral blood,chronic lymphocytic leukemia,L243 (HLA-DR);Tue39 (pan-HLA class II),EXACT,no,class II
UPN34_class_I_Rep1.raw,37e741a8544545ea6a95bf2c2d01a4661e521bafbc9afa2d9a7775a1fcf72688,549121834,c4bbbf202fe68ae8af6156f31236a4fa3649d7d7,UPN34_classI,UPN34,1,1,1,I,HLA-A*02:01;HLA-A*29:02;HLA-B*44:02;HLA-C*05:01;HLA-C*16:01,PARTIAL,5,Orbitrap Fusion Lumos,Homo sapiens,peripheral blood,chronic lymphocytic leukemia,W6/32 (pan-HLA class I),EXACT,yes,
UPN34_class_I_Rep2.raw,9935c8c6bd2da7748c24592e3571e5c7434d0f4f003e919e2e301dc8009e289d,551481738,8cef3c60363ea1580a65dd5016eef956166ca9f8,UPN34_classI,UPN34,1,2,1,I,HLA-A*02:01;HLA-A*29:02;HLA-B*44:02;HLA-C*05:01;HLA-C*16:01,PARTIAL,5,Orbitrap Fusion Lumos,Homo sapiens,peripheral blood,chronic lymphocytic leukemia,W6/32 (pan-HLA class I),EXACT,yes,
UPN34_class_I_Rep3.raw,b25f26bfbc1f1a4044a55d89314db0fc5b6999760308e858ae3f1a8207ea70d8,558351314,ef2c2d0e67b5dd101a6eae2f4ecb96368385eec8,UPN34_classI,UPN34,1,3,1,I,HLA-A*02:01;HLA-A*29:02;HLA-B*44:02;HLA-C*05:01;HLA-C*16:01,PARTIAL,5,Orbitrap Fusion Lumos,Homo sapiens,peripheral blood,chronic lymphocytic leukemia,W6/32 (pan-HLA class I),EXACT,yes,
UPN34_class_II_Rep1.raw,82a3fd202e7d1633600141d25941301ac3418e9038e80cd3d6a8699d69465ffe,703773768,654223ac118311af41fb71e60863d2f79cc49e5a,UPN34_classII,UPN34,1,1,1,II,HLA-A*02:01;HLA-A*29:02;HLA-B*44:02;HLA-C*05:01;HLA-C*16:01,NA,,Orbitrap Fusion Lumos,Homo sapiens,peripheral blood,chronic lymphocytic leukemia,L243 (HLA-DR);Tue39 (pan-HLA class II),EXACT,no,class II
UPN34_class_II_Rep2.raw,076a98105974ce008a27d946cac4bd946fbfa1a28e06f84a9e8670c8fed5b087,705227714,ac6f5df3ab93f53e4424239abcecf930baef8d92,UPN34_classII,UPN34,1,2,1,II,HLA-A*02:01;HLA-A*29:02;HLA-B*44:02;HLA-C*05:01;HLA-C*16:01,NA,,Orbitrap Fusion Lumos,Homo sapiens,peripheral blood,chronic lymphocytic leukemia,L243 (HLA-DR);Tue39 (pan-HLA class II),EXACT,no,class II
UPN34_class_II_Rep3.raw,68b8db0e936eab8ecb6b4d0f3bd6aca2ed8821f54542d5e82dbc3a0e25a6f9fe,699020768,dca650efc7f2d8f57c8b8cda0e7d3abdd4ba3d46,UPN34_classII,UPN34,1,3,1,II,HLA-A*02:01;HLA-A*29:02;HLA-B*44:02;HLA-C*05:01;HLA-C*16:01,NA,,Orbitrap Fusion Lumos,Homo sapiens,peripheral blood,chronic lymphocytic leukemia,L243 (HLA-DR);Tue39 (pan-HLA class II),EXACT,no,class II
UPN35_class_I_Rep1.raw,aaf1380c74752a2cc333eca3d525757b05442c1b616e9c657a80a235310a553c,480297196,19fba7b2be0cbdcc31d1803bcca9bb494ea41438,UPN35_classI,UPN35,1,1,1,I,HLA-A*01:01;HLA-A*26:01;HLA-B*07:02;HLA-B*40:01;HLA-C*02:02;HLA-C*07:02,COMPLETE,6,Orbitrap Fusion Lumos,Homo sapiens,peripheral blood,chronic lymphocytic leukemia,W6/32 (pan-HLA class I),EXACT,yes,
UPN35_class_I_Rep2.raw,8737f3f9b69ff447b2b88c33cab0df20942841cb371e39323470493092843aec,483164616,68448ef7c3d400382dab6cee98806440da1e70a3,UPN35_classI,UPN35,1,2,1,I,HLA-A*01:01;HLA-A*26:01;HLA-B*07:02;HLA-B*40:01;HLA-C*02:02;HLA-C*07:02,COMPLETE,6,Orbitrap Fusion Lumos,Homo sapiens,peripheral blood,chronic lymphocytic leukemia,W6/32 (pan-HLA class I),EXACT,yes,
UPN35_class_I_Rep3.raw,e0f07af298d31ce0c6ebec52d6796f549f52c3c0a543ae42c3241527778d7b11,482775160,9fdc1b8a34faf51a2e8b9051b1e254b2f232f208,UPN35_classI,UPN35,1,3,1,I,HLA-A*01:01;HLA-A*26:01;HLA-B*07:02;HLA-B*40:01;HLA-C*02:02;HLA-C*07:02,COMPLETE,6,Orbitrap Fusion Lumos,Homo sapiens,peripheral blood,chronic lymphocytic leukemia,W6/32 (pan-HLA class I),EXACT,yes,
UPN35_class_II_Rep1.raw,00aed35ac75090e9e44bb5f6a5bdaca812cd8ee4ea289707b63cbc4ca08c9ff9,771297892,2b201af25e469e857171d447a0ad6ac05bdbbf1c,UPN35_classII,UPN35,1,1,1,II,HLA-A*01:01;HLA-A*26:01;HLA-B*07:02;HLA-B*40:01;HLA-C*02:02;HLA-C*07:02,NA,,Orbitrap Fusion Lumos,Homo sapiens,peripheral blood,chronic lymphocytic leukemia,L243 (HLA-DR);Tue39 (pan-HLA class II),EXACT,no,class II
UPN35_class_II_Rep2.raw,fab33fe133b34613dba4d8837c478f28b5ea03b21441d103355bc208e5288b4d,762197690,fd0190bda5c8e7c05e72f2b2980e1ec28ad112cc,UPN35_classII,UPN35,1,2,1,II,HLA-A*01:01;HLA-A*26:01;HLA-B*07:02;HLA-B*40:01;HLA-C*02:02;HLA-C*07:02,NA,,Orbitrap Fusion Lumos,Homo sapiens,peripheral blood,chronic lymphocytic leukemia,L243 (HLA-DR);Tue39 (pan-HLA class II),EXACT,no,class II
UPN35_class_II_Rep3.raw,2ea0194499f3b71ed68eb0745fd24ecf155288a6b9809c970106098f2dfbc181,772165982,8571b6c84f0948b1c9e4525ade3dfa499994dee4,UPN35_classII,UPN35,1,3,1,II,HLA-A*01:01;HLA-A*26:01;HLA-B*07:02;HLA-B*40:01;HLA-C*02:02;HLA-C*07:02,NA,,Orbitrap Fusion Lumos,Homo sapiens,peripheral blood,chronic lymphocytic leukemia,L243 (HLA-DR);Tue39 (pan-HLA class II),EXACT,no,class II
UPN36_class_I_Rep1.raw,ee6dbdb99abb5ef2a94a578932e35d98a66767f34083d52bf48808bb78f49f57,442799066,3441a9d32c072aeaa9d8f0bd96b135bbbe238a43,UPN36_classI,UPN36,1,1,1,I,HLA-A*02:01;HLA-A*11:01;HLA-B*35:01;HLA-B*40:01;HLA-C*03:04;HLA-C*04:01,COMPLETE,6,Orbitrap Fusion Lumos,Homo sapiens,peripheral blood,chronic lymphocytic leukemia,W6/32 (pan-HLA class I),EXACT,yes,
UPN36_class_I_Rep2.raw,66c06ee1a67ae76f4ee9aaa9967501d3f2d423744ad5798d0a0f3988401d58a8,435454260,62df9585b54b82c81f05407a84fb35bf7a9205aa,UPN36_classI,UPN36,1,2,1,I,HLA-A*02:01;HLA-A*11:01;HLA-B*35:01;HLA-B*40:01;HLA-C*03:04;HLA-C*04:01,COMPLETE,6,Orbitrap Fusion Lumos,Homo sapiens,peripheral blood,chronic lymphocytic leukemia,W6/32 (pan-HLA class I),EXACT,yes,
UPN36_class_I_Rep3.raw,73a32b43509f1e32e3067f65b971f9d6d4b4ca11cee5b4556d9e9627779e779b,439854986,179e177dfe2f943f71d8d253433c71bc48d113a3,UPN36_classI,UPN36,1,3,1,I,HLA-A*02:01;HLA-A*11:01;HLA-B*35:01;HLA-B*40:01;HLA-C*03:04;HLA-C*04:01,COMPLETE,6,Orbitrap Fusion Lumos,Homo sapiens,peripheral blood,chronic lymphocytic leukemia,W6/32 (pan-HLA class I),EXACT,yes,
UPN36_class_II_Rep1.raw,b0ba7dd9551068dfe212f00f0cca6e6740740970e5265e12fc433f2223766bf5,695250968,cdc689b454631e029e182e72123fd4f78ccf7626,UPN36_classII,UPN36,1,1,1,II,HLA-A*02:01;HLA-A*11:01;HLA-B*35:01;HLA-B*40:01;HLA-C*03:04;HLA-C*04:01,NA,,Orbitrap Fusion Lumos,Homo sapiens,peripheral blood,chronic lymphocytic leukemia,L243 (HLA-DR);Tue39 (pan-HLA class II),EXACT,no,class II
UPN36_class_II_Rep2.raw,34f8d17219a9d15a1797c393cc97d52fcdc2a0e73210c193645b7dffe93d141f,692008906,437687df0c6a8dd7e79f6d9950e867dc381b1535,UPN36_classII,UPN36,1,2,1,II,HLA-A*02:01;HLA-A*11:01;HLA-B*35:01;HLA-B*40:01;HLA-C*03:04;HLA-C*04:01,NA,,Orbitrap Fusion Lumos,Homo sapiens,peripheral blood,chronic lymphocytic leukemia,L243 (HLA-DR);Tue39 (pan-HLA class II),EXACT,no,class II
UPN36_class_II_Rep3.raw,6ab8e2f6121f0ab4ec1c82134bd04bc39f05c906af9ce3a79a7c37c0543b372b,700228304,74d6ced158cc2a3f3518ebac9d5be08eced48e5f,UPN36_classII,UPN36,1,3,1,II,HLA-A*02:01;HLA-A*11:01;HLA-B*35:01;HLA-B*40:01;HLA-C*03:04;HLA-C*04:01,NA,,Orbitrap Fusion Lumos,Homo sapiens,peripheral blood,chronic lymphocytic leukemia,L243 (HLA-DR);Tue39 (pan-HLA class II),EXACT,no,class II
UPN37_class_I_Rep1.raw,df25afaa9a48a42dcb845d922e60b064a0502da1de98169d3044e442ff2ab22e,454579304,5dd0a3f44a36058dbd7fb6805b94ec3c40de6900,UPN37_classI,UPN37,1,1,1,I,HLA-A*02:01;HLA-A*24:02;HLA-B*15:01;HLA-B*44:02;HLA-C*03:04;HLA-C*16:01,COMPLETE,6,Orbitrap Fusion Lumos,Homo sapiens,peripheral blood,chronic lymphocytic leukemia,W6/32 (pan-HLA class I),EXACT,yes,
UPN37_class_I_Rep2.raw,1763a1c880a36732b74304fe8c2cc7de9ab1fa80652aeba526d251492cc82bcb,447439048,60003e9863514a121b31ef2e59d9010b65cb0175,UPN37_classI,UPN37,1,2,1,I,HLA-A*02:01;HLA-A*24:02;HLA-B*15:01;HLA-B*44:02;HLA-C*03:04;HLA-C*16:01,COMPLETE,6,Orbitrap Fusion Lumos,Homo sapiens,peripheral blood,chronic lymphocytic leukemia,W6/32 (pan-HLA class I),EXACT,yes,
UPN37_class_I_Rep3.raw,088241a0e0f8b883fce7df344c16230186534595843dd2877de793d928fff744,452329044,6d3bdd954ceb66e0247abe5cf91c03319896b791,UPN37_classI,UPN37,1,3,1,I,HLA-A*02:01;HLA-A*24:02;HLA-B*15:01;HLA-B*44:02;HLA-C*03:04;HLA-C*16:01,COMPLETE,6,Orbitrap Fusion Lumos,Homo sapiens,peripheral blood,chronic lymphocytic leukemia,W6/32 (pan-HLA class I),EXACT,yes,
UPN37_class_II_Rep1.raw,e9af44f7a046db86f48d3a420861339eefda12f294b4b83cb7b8105403ce6632,812023396,302786f9b7c0238d37bcf92c2383249176e950bf,UPN37_classII,UPN37,1,1,1,II,HLA-A*02:01;HLA-A*24:02;HLA-B*15:01;HLA-B*44:02;HLA-C*03:04;HLA-C*16:01,NA,,Orbitrap Fusion Lumos,Homo sapiens,peripheral blood,chronic lymphocytic leukemia,L243 (HLA-DR);Tue39 (pan-HLA class II),EXACT,no,class II
UPN37_class_II_Rep2.raw,1a84d0353ee1c523df9a475e1bd7b46356ebdfe45c1aeca495b7d1623460de91,801970048,eb126c9b8396cb09dc7285065df6319640f2282d,UPN37_classII,UPN37,1,2,1,II,HLA-A*02:01;HLA-A*24:02;HLA-B*15:01;HLA-B*44:02;HLA-C*03:04;HLA-C*16:01,NA,,Orbitrap Fusion Lumos,Homo sapiens,peripheral blood,chronic lymphocytic leukemia,L243 (HLA-DR);Tue39 (pan-HLA class II),EXACT,no,class II
UPN37_class_II_Rep3.raw,20adab5aa97650d727b52c0230e63e367d820550dcbf5e1143489c88b55cc251,797876478,02f5c8b87ba14206c2b0395c0e396c47aa7ffee1,UPN37_classII,UPN37,1,3,1,II,HLA-A*02:01;HLA-A*24:02;HLA-B*15:01;HLA-B*44:02;HLA-C*03:04;HLA-C*16:01,NA,,Orbitrap Fusion Lumos,Homo sapiens,peripheral blood,chronic lymphocytic leukemia,L243 (HLA-DR);Tue39 (pan-HLA class II),EXACT,no,class II
UPN38_class_I_Rep1.raw,361aa43a1bc95ff0fa305365e5f2f4dcfe5f0ed80c7dfa8a7b3e172593c37a47,521792524,f0c400e48fb29f0d3b056666d760eea1affa0057,UPN38_classI,UPN38,1,1,1,I,HLA-A*24:02;HLA-A*25:01;HLA-B*18:01;HLA-B*49:01;HLA-C*07:02;HLA-C*12:03,COMPLETE,6,Orbitrap Fusion Lumos,Homo sapiens,peripheral blood,chronic lymphocytic leukemia,W6/32 (pan-HLA class I),EXACT,yes,
UPN38_class_I_Rep2.raw,68311eeb5d5728bad47e4a86a220b0a157ab1268ed1f9c2784df0d0f339743db,542909136,01712d5b596273e3a4b66bfe0576cd691635a7b0,UPN38_classI,UPN38,1,2,1,I,HLA-A*24:02;HLA-A*25:01;HLA-B*18:01;HLA-B*49:01;HLA-C*07:02;HLA-C*12:03,COMPLETE,6,Orbitrap Fusion Lumos,Homo sapiens,peripheral blood,chronic lymphocytic leukemia,W6/32 (pan-HLA class I),EXACT,yes,
UPN38_class_I_Rep3.raw,e03d37693640433caa9ac1938ecd6aaf63adadd8a0d6ec5e84794f4cd929838c,533924018,1667cfea9116bb236a4428b677358611b776ca9b,UPN38_classI,UPN38,1,3,1,I,HLA-A*24:02;HLA-A*25:01;HLA-B*18:01;HLA-B*49:01;HLA-C*07:02;HLA-C*12:03,COMPLETE,6,Orbitrap Fusion Lumos,Homo sapiens,peripheral blood,chronic lymphocytic leukemia,W6/32 (pan-HLA class I),EXACT,yes,
UPN38_class_II_Rep1.raw,b7d197f4ad9aa60a4518014f33ea44e0265b447bf13c1d089a2bd7d2ef281fb9,848825866,13d10812fca024e7a16634397421763e982de70e,UPN38_classII,UPN38,1,1,1,II,HLA-A*24:02;HLA-A*25:01;HLA-B*18:01;HLA-B*49:01;HLA-C*07:02;HLA-C*12:03,NA,,Orbitrap Fusion Lumos,Homo sapiens,peripheral blood,chronic lymphocytic leukemia,L243 (HLA-DR);Tue39 (pan-HLA class II),EXACT,no,class II
UPN38_class_II_Rep2.raw,37545bf0d49622e478f46c347a909b5188a25d4a8f631e2d35f70bcbeea367e4,834358090,ceffc702d93f0dcb5b1374cedeab7ce3119f6b80,UPN38_classII,UPN38,1,2,1,II,HLA-A*24:02;HLA-A*25:01;HLA-B*18:01;HLA-B*49:01;HLA-C*07:02;HLA-C*12:03,NA,,Orbitrap Fusion Lumos,Homo sapiens,peripheral blood,chronic lymphocytic leukemia,L243 (HLA-DR);Tue39 (pan-HLA class II),EXACT,no,class II
UPN38_class_II_Rep3.raw,842384059b09e5587443925ee90ba34cf79ace6d94207c9f9186bb95912b0a89,828873558,a350294416af7d323748b9e6ebcd5022816999ae,UPN38_classII,UPN38,1,3,1,II,HLA-A*24:02;HLA-A*25:01;HLA-B*18:01;HLA-B*49:01;HLA-C*07:02;HLA-C*12:03,NA,,Orbitrap Fusion Lumos,Homo sapiens,peripheral blood,chronic lymphocytic leukemia,L243 (HLA-DR);Tue39 (pan-HLA class II),EXACT,no,class II
UPN39_class_I_Rep1.raw,f31dde223f8780529ad704731aea83ee0e0b7fcea03640d7fddc82c853ddd952,488704864,8fdef2f66593bcc610036787e23e34d4eb161417,UPN39_classI,UPN39,1,1,1,I,HLA-A*03:01;HLA-A*24:02;HLA-B*35:01;HLA-C*04:01,PARTIAL,4,Orbitrap Fusion Lumos,Homo sapiens,peripheral blood,chronic lymphocytic leukemia,W6/32 (pan-HLA class I),EXACT,yes,
UPN39_class_I_Rep2.raw,3e0f022d980617a043f02c01b1008690621efe318cecb3e9f562ee93f31101ae,500184256,fa7fb92c8949f9333def8e89b3d01e0425831232,UPN39_classI,UPN39,1,2,1,I,HLA-A*03:01;HLA-A*24:02;HLA-B*35:01;HLA-C*04:01,PARTIAL,4,Orbitrap Fusion Lumos,Homo sapiens,peripheral blood,chronic lymphocytic leukemia,W6/32 (pan-HLA class I),EXACT,yes,
UPN39_class_I_Rep3.raw,4ea777e31586a82951acec8992b223b30d577dbdfa8b0842f46fab6064dbc2f1,504895436,1257362055c97ed566dbe221bd467e2661cc0b4c,UPN39_classI,UPN39,1,3,1,I,HLA-A*03:01;HLA-A*24:02;HLA-B*35:01;HLA-C*04:01,PARTIAL,4,Orbitrap Fusion Lumos,Homo sapiens,peripheral blood,chronic lymphocytic leukemia,W6/32 (pan-HLA class I),EXACT,yes,
UPN39_class_II_Rep1.raw,ec546f1b85b2cb33943889b358f4093e8948150b176b12a0ab9a3d1cc3e21c2e,762733908,4d90966f23498d8735f8e82bac8d2fdb50eb5acf,UPN39_classII,UPN39,1,1,1,II,HLA-A*03:01;HLA-A*24:02;HLA-B*35:01;HLA-C*04:01,NA,,Orbitrap Fusion Lumos,Homo sapiens,peripheral blood,chronic lymphocytic leukemia,L243 (HLA-DR);Tue39 (pan-HLA class II),EXACT,no,class II
UPN39_class_II_Rep2.raw,0817533f6bc309139eeb53472cf3d856b4aefd3abd6bb009328e0c56e9bed908,760958698,b8c5ef1a5941a8942a775d156fcaae4130094bd6,UPN39_classII,UPN39,1,2,1,II,HLA-A*03:01;HLA-A*24:02;HLA-B*35:01;HLA-C*04:01,NA,,Orbitrap Fusion Lumos,Homo sapiens,peripheral blood,chronic lymphocytic leukemia,L243 (HLA-DR);Tue39 (pan-HLA class II),EXACT,no,class II
UPN39_class_II_Rep3.raw,596cc2db17ef2cfb4f1ff5c35b4d029200516bd60f293efbe3cc87392dab0eca,728385754,c568d2ffce7dd3be91e5694de3049ad47ddce651,UPN39_classII,UPN39,1,3,1,II,HLA-A*03:01;HLA-A*24:02;HLA-B*35:01;HLA-C*04:01,NA,,Orbitrap Fusion Lumos,Homo sapiens,peripheral blood,chronic lymphocytic leukemia,L243 (HLA-DR);Tue39 (pan-HLA class II),EXACT,no,class II
UPN40_class_I_Rep1.raw,5b3b4dffd12298ed1c785fc59dfceb953190412781a053c3a13db39d7d899dd6,582496274,66d6bad32b07be79b5400e53e61287efe004863b,UPN40_classI,UPN40,1,1,1,I,HLA-A*02:01;HLA-A*24:02;HLA-B*07:02;HLA-B*44:02;HLA-C*05:01;HLA-C*07:02,COMPLETE,6,Orbitrap Fusion Lumos,Homo sapiens,peripheral blood,chronic lymphocytic leukemia,W6/32 (pan-HLA class I),EXACT,yes,
UPN40_class_I_Rep2.raw,823dc7d04f8de8c15dadfca1cbc59d69cba0b83fc681fb6efd78d0ecfdbd63ce,577727566,129cf2e21a803d9932105e5133db7c13b746e9fe,UPN40_classI,UPN40,1,2,1,I,HLA-A*02:01;HLA-A*24:02;HLA-B*07:02;HLA-B*44:02;HLA-C*05:01;HLA-C*07:02,COMPLETE,6,Orbitrap Fusion Lumos,Homo sapiens,peripheral blood,chronic lymphocytic leukemia,W6/32 (pan-HLA class I),EXACT,yes,
UPN40_class_I_Rep3.raw,90ab9362f01404ec56cabc8274fe3e375931cac869f5c619c479be8562bb4c73,579370104,bcd0386824c718bc09b3748bdba5c48175a84dd9,UPN40_classI,UPN40,1,3,1,I,HLA-A*02:01;HLA-A*24:02;HLA-B*07:02;HLA-B*44:02;HLA-C*05:01;HLA-C*07:02,COMPLETE,6,Orbitrap Fusion Lumos,Homo sapiens,peripheral blood,chronic lymphocytic leukemia,W6/32 (pan-HLA class I),EXACT,yes,
UPN40_class_II_Rep1.raw,5a0d5cdc929038176efd52e8c0aab8e4650a66634f93844ca7622a8f4718931a,906156800,58e48bb87fd7c13edd04f84bd9974add4d726f04,UPN40_classII,UPN40,1,1,1,II,HLA-A*02:01;HLA-A*24:02;HLA-B*07:02;HLA-B*44:02;HLA-C*05:01;HLA-C*07:02,NA,,Orbitrap Fusion Lumos,Homo sapiens,peripheral blood,chronic lymphocytic leukemia,L243 (HLA-DR);Tue39 (pan-HLA class II),EXACT,no,class II
UPN40_class_II_Rep2.raw,43361aaf1ce35317a184520d5952a71170cf0d4a12537a03610ba5da07e06e79,911080520,3bbb7d381d2938b0d050a6a487a944fbb0b7f39e,UPN40_classII,UPN40,1,2,1,II,HLA-A*02:01;HLA-A*24:02;HLA-B*07:02;HLA-B*44:02;HLA-C*05:01;HLA-C*07:02,NA,,Orbitrap Fusion Lumos,Homo sapiens,peripheral blood,chronic lymphocytic leukemia,L243 (HLA-DR);Tue39 (pan-HLA class II),EXACT,no,class II
UPN40_class_II_Rep3.raw,2d17ae466e6eff7dbb5a1ff12f1c3cccb5e238569146ea5c806782e37a5b7caa,891694358,781174c1799dc2fbf0c85e5412bdb05e5057ef36,UPN40_classII,UPN40,1,3,1,II,HLA-A*02:01;HLA-A*24:02;HLA-B*07:02;HLA-B*44:02;HLA-C*05:01;HLA-C*07:02,NA,,Orbitrap Fusion Lumos,Homo sapiens,peripheral blood,chronic lymphocytic leukemia,L243 (HLA-DR);Tue39 (pan-HLA class II),EXACT,no,class II
UPN41_class_I_Rep1.raw,875da88a56dfcc33ad274b81deaa75ebbd06d83a5af1e48af87383e766ba7fdc,639754888,4a365bbe7c3b104e2f4ebc7272ea427106cb622e,UPN41_classI,UPN41,1,1,1,I,HLA-A*02:01;HLA-A*11:01;HLA-B*07:02;HLA-B*15:01;HLA-C*03:04;HLA-C*07:02,COMPLETE,6,Orbitrap Fusion Lumos,Homo sapiens,peripheral blood,chronic lymphocytic leukemia,W6/32 (pan-HLA class I),EXACT,yes,
UPN41_class_I_Rep2.raw,a04c388cbc57cf24766ce9f36b0919b300ff63054c32c385433bf03688c2cc57,652695744,fe2d12a0879afb31142d881bcc40e25d90e3415f,UPN41_classI,UPN41,1,2,1,I,HLA-A*02:01;HLA-A*11:01;HLA-B*07:02;HLA-B*15:01;HLA-C*03:04;HLA-C*07:02,COMPLETE,6,Orbitrap Fusion Lumos,Homo sapiens,peripheral blood,chronic lymphocytic leukemia,W6/32 (pan-HLA class I),EXACT,yes,
UPN41_class_I_Rep3.raw,9023eb407417c2f2f7e57a269265d443b3c13b67b4d6bbc03d2a312657a1782f,656363264,d54c8236f1a8969c5be4e4acead594b7486321a1,UPN41_classI,UPN41,1,3,1,I,HLA-A*02:01;HLA-A*11:01;HLA-B*07:02;HLA-B*15:01;HLA-C*03:04;HLA-C*07:02,COMPLETE,6,Orbitrap Fusion Lumos,Homo sapiens,peripheral blood,chronic lymphocytic leukemia,W6/32 (pan-HLA class I),EXACT,yes,
UPN41_class_II_Rep1.raw,d681b982083f6eb6b50d28d559220489e3983f3c9ae5e53a23fd18c13db9b540,807851692,a24a917a117e8157658117e6143e2b6f9ed95d41,UPN41_classII,UPN41,1,1,1,II,HLA-A*02:01;HLA-A*11:01;HLA-B*07:02;HLA-B*15:01;HLA-C*03:04;HLA-C*07:02,NA,,Orbitrap Fusion Lumos,Homo sapiens,peripheral blood,chronic lymphocytic leukemia,L243 (HLA-DR);Tue39 (pan-HLA class II),EXACT,no,class II
UPN41_class_II_Rep2.raw,07455edfc8042e2d2167e7430288600ba4cfab8bf6b8fb969b655704fd67e933,807795874,0ad2baf7a18f6181aafa1f880ef813775a0f5261,UPN41_classII,UPN41,1,2,1,II,HLA-A*02:01;HLA-A*11:01;HLA-B*07:02;HLA-B*15:01;HLA-C*03:04;HLA-C*07:02,NA,,Orbitrap Fusion Lumos,Homo sapiens,peripheral blood,chronic lymphocytic leukemia,L243 (HLA-DR);Tue39 (pan-HLA class II),EXACT,no,class II
UPN41_class_II_Rep3.raw,bb552b5bee7a6e6fb7919ccb6d21ecdcdb5d5cc7ec279692e93b9e1d015743a7,815758404,781778b6bbc6b5b995009b307642abea57f33681,UPN41_classII,UPN41,1,3,1,II,HLA-A*02:01;HLA-A*11:01;HLA-B*07:02;HLA-B*15:01;HLA-C*03:04;HLA-C*07:02,NA,,Orbitrap Fusion Lumos,Homo sapiens,peripheral blood,chronic lymphocytic leukemia,L243 (HLA-DR);Tue39 (pan-HLA class II),EXACT,no,class II
UPN42_class_I_Rep1.raw,54004e9489c001f2dca81bf9ff4bd7903e0da17a133a9d7cbe51e67548fa5b15,481320840,04de83fde505c9d93035f2ba5fd8084f662106a9,UPN42_classI,UPN42,1,1,1,I,HLA-A*02:01;HLA-A*24:02;HLA-B*07:02;HLA-B*13:02;HLA-C*06:02;HLA-C*07:02,COMPLETE,6,Orbitrap Fusion Lumos,Homo sapiens,peripheral blood,chronic lymphocytic leukemia,W6/32 (pan-HLA class I),EXACT,yes,
UPN42_class_I_Rep2.raw,e2115338127befe3af784ab8e4896f048e1482a66a778d92861cc5bbcd0659ac,484562230,c657f51063f286000193930e99c4296333c6534a,UPN42_classI,UPN42,1,2,1,I,HLA-A*02:01;HLA-A*24:02;HLA-B*07:02;HLA-B*13:02;HLA-C*06:02;HLA-C*07:02,COMPLETE,6,Orbitrap Fusion Lumos,Homo sapiens,peripheral blood,chronic lymphocytic leukemia,W6/32 (pan-HLA class I),EXACT,yes,
UPN42_class_I_Rep3.raw,fdaf15afd6c8afd46f4cdd02a487905e67cee978d54664d04f82b6072dc403c0,482803634,0715897d25e732f68e8a9ce27b70c5b6981c7649,UPN42_classI,UPN42,1,3,1,I,HLA-A*02:01;HLA-A*24:02;HLA-B*07:02;HLA-B*13:02;HLA-C*06:02;HLA-C*07:02,COMPLETE,6,Orbitrap Fusion Lumos,Homo sapiens,peripheral blood,chronic lymphocytic leukemia,W6/32 (pan-HLA class I),EXACT,yes,
UPN42_class_II_Rep1.raw,c6a3948412d3f1e53a2aec6fd6033e70ff4caab166ad9ebbb7d8c4222281718c,722588862,11ef1cb012ed66919a24080ddc70f928d0ce0468,UPN42_classII,UPN42,1,1,1,II,HLA-A*02:01;HLA-A*24:02;HLA-B*07:02;HLA-B*13:02;HLA-C*06:02;HLA-C*07:02,NA,,Orbitrap Fusion Lumos,Homo sapiens,peripheral blood,chronic lymphocytic leukemia,L243 (HLA-DR);Tue39 (pan-HLA class II),EXACT,no,class II
UPN42_class_II_Rep2.raw,a00e6d124cbebf492d6bf3d83a63a454df88ff68d391a7ece2fd6183b574d22c,720796384,cf074413293f702f2993bf7e7efef972804dbe7f,UPN42_classII,UPN42,1,2,1,II,HLA-A*02:01;HLA-A*24:02;HLA-B*07:02;HLA-B*13:02;HLA-C*06:02;HLA-C*07:02,NA,,Orbitrap Fusion Lumos,Homo sapiens,peripheral blood,chronic lymphocytic leukemia,L243 (HLA-DR);Tue39 (pan-HLA class II),EXACT,no,class II
UPN42_class_II_Rep3.raw,4fba3eb636a86a1aad0369b159d6a252eea6b51758701d54c6a626fdd3669b9b,724760834,69c4421053bb535ac3d05ec73bdcc41cef4e2ede,UPN42_classII,UPN42,1,3,1,II,HLA-A*02:01;HLA-A*24:02;HLA-B*07:02;HLA-B*13:02;HLA-C*06:02;HLA-C*07:02,NA,,Orbitrap Fusion Lumos,Homo sapiens,peripheral blood,chronic lymphocytic leukemia,L243 (HLA-DR);Tue39 (pan-HLA class II),EXACT,no,class II
UPN43_class_I_Rep1.raw,fb721c872ca15546a5a576f0c44108cdc9028868e90c2db48fb0384c794c6b15,436612308,2c08dc4517f4d6285de454c3f7df698850abf9c7,UPN43_classI,UPN43,1,1,1,I,HLA-A*01:01;HLA-A*68:01;HLA-B*44:02;HLA-B*55:01;HLA-C*03:04;HLA-C*05:01,COMPLETE,6,Orbitrap Fusion Lumos,Homo sapiens,peripheral blood,chronic lymphocytic leukemia,W6/32 (pan-HLA class I),EXACT,yes,
UPN43_class_I_Rep2.raw,9dea0b702a4521e302a88721a6f0bf1edad412f9bd6f3416d41399ab2b403684,441076244,1b9bbb64b8e79f87189f6c429772640cce21174a,UPN43_classI,UPN43,1,2,1,I,HLA-A*01:01;HLA-A*68:01;HLA-B*44:02;HLA-B*55:01;HLA-C*03:04;HLA-C*05:01,COMPLETE,6,Orbitrap Fusion Lumos,Homo sapiens,peripheral blood,chronic lymphocytic leukemia,W6/32 (pan-HLA class I),EXACT,yes,
UPN43_class_I_Rep3.raw,145ec8bbd7a6376ff656f1915db99d1a08da82664a7184c32d0744abee61aa0b,441721954,768d2233911e4135415c24c7fb30ac38835a8b13,UPN43_classI,UPN43,1,3,1,I,HLA-A*01:01;HLA-A*68:01;HLA-B*44:02;HLA-B*55:01;HLA-C*03:04;HLA-C*05:01,COMPLETE,6,Orbitrap Fusion Lumos,Homo sapiens,peripheral blood,chronic lymphocytic leukemia,W6/32 (pan-HLA class I),EXACT,yes,
UPN43_class_II_Rep1.raw,99142a10ab045e99a7414b9328f53a6aa8b399c1a17b66da6c4e02e863b9fed6,687756780,688a9dc63b7772cbcb642acd4fcec2278bb9ef60,UPN43_classII,UPN43,1,1,1,II,HLA-A*01:01;HLA-A*68:01;HLA-B*44:02;HLA-B*55:01;HLA-C*03:04;HLA-C*05:01,NA,,Orbitrap Fusion Lumos,Homo sapiens,peripheral blood,chronic lymphocytic leukemia,L243 (HLA-DR);Tue39 (pan-HLA class II),EXACT,no,class II
UPN43_class_II_Rep2.raw,5ecc01ee6a6e1b80b63439c34a7c40210be0f8611467b6b8f9a4b31d5ee0ae05,690011082,2d85d27f3ec400512734fa9db03a82554239d5e2,UPN43_classII,UPN43,1,2,1,II,HLA-A*01:01;HLA-A*68:01;HLA-B*44:02;HLA-B*55:01;HLA-C*03:04;HLA-C*05:01,NA,,Orbitrap Fusion Lumos,Homo sapiens,peripheral blood,chronic lymphocytic leukemia,L243 (HLA-DR);Tue39 (pan-HLA class II),EXACT,no,class II
UPN43_class_II_Rep3.raw,d72a055c7d7e8051d33b03ca41cc0a27701ae1213f01e56aa7a1b551c6bd3edb,697577232,e04fb2d4a67b52cbd14838e564b3d3bd2a0fc2b5,UPN43_classII,UPN43,1,3,1,II,HLA-A*01:01;HLA-A*68:01;HLA-B*44:02;HLA-B*55:01;HLA-C*03:04;HLA-C*05:01,NA,,Orbitrap Fusion Lumos,Homo sapiens,peripheral blood,chronic lymphocytic leukemia,L243 (HLA-DR);Tue39 (pan-HLA class II),EXACT,no,class II
UPN44_class_I_Rep1.raw,a9c1b32670f39e9082613b540068bd7556ab67abf4340bdd935676269dcd62c4,458374054,37cc0145036bd2bf78dfcf9eb20039186a22b94c,UPN44_classI,UPN44,1,1,1,I,HLA-A*01:01;HLA-A*24:02;HLA-B*08:01;HLA-B*35:01;HLA-C*04:01;HLA-C*07:02,COMPLETE,6,Orbitrap Fusion Lumos,Homo sapiens,peripheral blood,chronic lymphocytic leukemia,W6/32 (pan-HLA class I),EXACT,yes,
UPN44_class_I_Rep2.raw,14af674afeb25032a1e89ec1fd771f377ee2c65da267e90ba3c60fe62b506fd4,460013318,4ddf2f0656d6e483e4a0cb6b3a9211dacc1bf7f9,UPN44_classI,UPN44,1,2,1,I,HLA-A*01:01;HLA-A*24:02;HLA-B*08:01;HLA-B*35:01;HLA-C*04:01;HLA-C*07:02,COMPLETE,6,Orbitrap Fusion Lumos,Homo sapiens,peripheral blood,chronic lymphocytic leukemia,W6/32 (pan-HLA class I),EXACT,yes,
UPN44_class_I_Rep3.raw,075ee3805634d5efff111104d9d1d6499ce511bc457857f78c4b9684fac79a88,460297140,f4a817629a7c546d438ee870e3000f7d7fae25e1,UPN44_classI,UPN44,1,3,1,I,HLA-A*01:01;HLA-A*24:02;HLA-B*08:01;HLA-B*35:01;HLA-C*04:01;HLA-C*07:02,COMPLETE,6,Orbitrap Fusion Lumos,Homo sapiens,peripheral blood,chronic lymphocytic leukemia,W6/32 (pan-HLA class I),EXACT,yes,
UPN44_class_II_Rep1.raw,b1985293f50fba22ceb307fd359e4f6754f824917186cb7ce7aeac0e39690321,692019242,18095ceb77712dd3cb25a2c5ad0aada0dd900724,UPN44_classII,UPN44,1,1,1,II,HLA-A*01:01;HLA-A*24:02;HLA-B*08:01;HLA-B*35:01;HLA-C*04:01;HLA-C*07:02,NA,,Orbitrap Fusion Lumos,Homo sapiens,peripheral blood,chronic lymphocytic leukemia,L243 (HLA-DR);Tue39 (pan-HLA class II),EXACT,no,class II
UPN44_class_II_Rep2.raw,3401f9e5f3fc6dcae91ffe3bac132daf388bf2f3c094a7f909fb29e108e9397e,693368086,c798d8036bb43ec5d4f8e0d6497ab5e674599c59,UPN44_classII,UPN44,1,2,1,II,HLA-A*01:01;HLA-A*24:02;HLA-B*08:01;HLA-B*35:01;HLA-C*04:01;HLA-C*07:02,NA,,Orbitrap Fusion Lumos,Homo sapiens,peripheral blood,chronic lymphocytic leukemia,L243 (HLA-DR);Tue39 (pan-HLA class II),EXACT,no,class II
UPN44_class_II_Rep3.raw,d338bf8e37b186def02be65719c6a3c05516c42861fbffd0d9a3671a3d5802ce,694793042,d696fb99b68fcfc61dac4ab758083e5eeaccb85e,UPN44_classII,UPN44,1,3,1,II,HLA-A*01:01;HLA-A*24:02;HLA-B*08:01;HLA-B*35:01;HLA-C*04:01;HLA-C*07:02,NA,,Orbitrap Fusion Lumos,Homo sapiens,peripheral blood,chronic lymphocytic leukemia,L243 (HLA-DR);Tue39 (pan-HLA class II),EXACT,no,class II
UPN45_class_I_Rep1.raw,90f0b63753cf139b32c961fdf8965afc7fa6822fb8ffff58e3d42e6eb085442b,566218004,aa2caee8465791d216ef80c73e9f28a7891a8c40,UPN45_classI,UPN45,1,1,1,I,HLA-A*03:01;HLA-A*24:02;HLA-B*51:01;HLA-C*14:02;HLA-C*16:01,PARTIAL,5,Orbitrap Fusion Lumos,Homo sapiens,peripheral blood,chronic lymphocytic leukemia,W6/32 (pan-HLA class I),EXACT,yes,
UPN45_class_I_Rep2.raw,e3e011ce0fd7e41ede10ac03c591aa364de884f6b23666f12c355675fee3565a,593484316,21c8ac4cc108e6ad671de301b892741fe750bee9,UPN45_classI,UPN45,1,2,1,I,HLA-A*03:01;HLA-A*24:02;HLA-B*51:01;HLA-C*14:02;HLA-C*16:01,PARTIAL,5,Orbitrap Fusion Lumos,Homo sapiens,peripheral blood,chronic lymphocytic leukemia,W6/32 (pan-HLA class I),EXACT,yes,
UPN45_class_I_Rep3.raw,4dbaa51d1f4e64c050b77cf4af9ff6898900327beac23c1e892502e22e98e657,597737670,35aab63f9a111aca57ff008aab57be0af829b32d,UPN45_classI,UPN45,1,3,1,I,HLA-A*03:01;HLA-A*24:02;HLA-B*51:01;HLA-C*14:02;HLA-C*16:01,PARTIAL,5,Orbitrap Fusion Lumos,Homo sapiens,peripheral blood,chronic lymphocytic leukemia,W6/32 (pan-HLA class I),EXACT,yes,
UPN45_class_II_Rep1.raw,270c2e3e8096b1bd710187d6b67f95d3e7e9a3cfddf7af725c3ef3c8d7bd3317,775467174,7d733285f3ab7d9185b50430639bc1dd0e93d875,UPN45_classII,UPN45,1,1,1,II,HLA-A*03:01;HLA-A*24:02;HLA-B*51:01;HLA-C*14:02;HLA-C*16:01,NA,,Orbitrap Fusion Lumos,Homo sapiens,peripheral blood,chronic lymphocytic leukemia,L243 (HLA-DR);Tue39 (pan-HLA class II),EXACT,no,class II
UPN45_class_II_Rep2.raw,2c2419a8360b16733790926f12d25ae032707a305eaf89051b9179b108de3445,762245656,cf19f1aefa81e24d55d5494cbc01ede53b23318a,UPN45_classII,UPN45,1,2,1,II,HLA-A*03:01;HLA-A*24:02;HLA-B*51:01;HLA-C*14:02;HLA-C*16:01,NA,,Orbitrap Fusion Lumos,Homo sapiens,peripheral blood,chronic lymphocytic leukemia,L243 (HLA-DR);Tue39 (pan-HLA class II),EXACT,no,class II
UPN45_class_II_Rep3.raw,b032e859046d024c6f98f4b0bfde271d2173d77281b56f759b0a897cdce81af7,761281846,7150982b574e284ec7cf1b5d70e34a2f95535738,UPN45_classII,UPN45,1,3,1,II,HLA-A*03:01;HLA-A*24:02;HLA-B*51:01;HLA-C*14:02;HLA-C*16:01,NA,,Orbitrap Fusion Lumos,Homo sapiens,peripheral blood,chronic lymphocytic leukemia,L243 (HLA-DR);Tue39 (pan-HLA class II),EXACT,no,class II
UPN46_class_I_Rep1.raw,3fb80d880aa7ee24c168c16c2a59a58096692dff47e7e01b8f0bc782a5020375,551780866,8a9a734b72a75fea77f33a25523cd601b09b2643,UPN46_classI,UPN46,1,1,1,I,HLA-A*02:01;HLA-A*24:02;HLA-B*13:02;HLA-B*44:02;HLA-C*05:01;HLA-C*06:02,COMPLETE,6,Orbitrap Fusion Lumos,Homo sapiens,peripheral blood,chronic lymphocytic leukemia,W6/32 (pan-HLA class I),EXACT,yes,
UPN46_class_I_Rep2.raw,e10e00155654aa2fbb902817778b4b66ff281189aae81e86615eee834cefd1b2,555168758,da658e98131c1f6da8f376fb6bf03c5813bbba50,UPN46_classI,UPN46,1,2,1,I,HLA-A*02:01;HLA-A*24:02;HLA-B*13:02;HLA-B*44:02;HLA-C*05:01;HLA-C*06:02,COMPLETE,6,Orbitrap Fusion Lumos,Homo sapiens,peripheral blood,chronic lymphocytic leukemia,W6/32 (pan-HLA class I),EXACT,yes,
UPN46_class_I_Rep3.raw,4b53f1de0b307c315bef6d656e12cf78f05a13c42e496d48c2bd0ad480cf38a4,556634272,cd5c5a7886583317bf4c9b02de7ca9d96b8ea1f4,UPN46_classI,UPN46,1,3,1,I,HLA-A*02:01;HLA-A*24:02;HLA-B*13:02;HLA-B*44:02;HLA-C*05:01;HLA-C*06:02,COMPLETE,6,Orbitrap Fusion Lumos,Homo sapiens,peripheral blood,chronic lymphocytic leukemia,W6/32 (pan-HLA class I),EXACT,yes,
UPN46_class_II_Rep1.raw,ad1e214410868d4f90212e00ba463f32ae8c5bbbb019e64d45fd95abdb646848,662357690,f813b4fcc5f1b23ce67f83011773d34bee0118a3,UPN46_classII,UPN46,1,1,1,II,HLA-A*02:01;HLA-A*24:02;HLA-B*13:02;HLA-B*44:02;HLA-C*05:01;HLA-C*06:02,NA,,Orbitrap Fusion Lumos,Homo sapiens,peripheral blood,chronic lymphocytic leukemia,L243 (HLA-DR);Tue39 (pan-HLA class II),EXACT,no,class II
UPN46_class_II_Rep2.raw,84e4befd035ebb205f04e533658cd4dec3ffd9ba915ef30d6bd625824b71bfd0,660295822,033e788e20f8ab45f537ee2351066cbdb9a0b09d,UPN46_classII,UPN46,1,2,1,II,HLA-A*02:01;HLA-A*24:02;HLA-B*13:02;HLA-B*44:02;HLA-C*05:01;HLA-C*06:02,NA,,Orbitrap Fusion Lumos,Homo sapiens,peripheral blood,chronic lymphocytic leukemia,L243 (HLA-DR);Tue39 (pan-HLA class II),EXACT,no,class II
UPN46_class_II_Rep3.raw,e5be16a67249f1d23fe77cc0e5fdc106310e1c3fc20d90ad593e8314c697e137,657525500,e1aaceb32a72a0beb2d2c5de3459d04251992281,UPN46_classII,UPN46,1,3,1,II,HLA-A*02:01;HLA-A*24:02;HLA-B*13:02;HLA-B*44:02;HLA-C*05:01;HLA-C*06:02,NA,,Orbitrap Fusion Lumos,Homo sapiens,peripheral blood,chronic lymphocytic leukemia,L243 (HLA-DR);Tue39 (pan-HLA class II),EXACT,no,class II
UPN47_class_I_Rep1.raw,91f7418651439da3852378778b9a6cfd791cb63665bf865028cfcfda87c01a68,447043552,107c54ccc09bb394cb6d4f49a989a2f8a5634225,UPN47_classI,UPN47,1,1,1,I,HLA-A*02:01;HLA-A*26:01;HLA-B*07:02;HLA-B*40:01;HLA-C*03:04;HLA-C*07:02,COMPLETE,6,Orbitrap Fusion Lumos,Homo sapiens,peripheral blood,chronic lymphocytic leukemia,W6/32 (pan-HLA class I),EXACT,yes,
UPN47_class_I_Rep2.raw,c2df064a9e2761897a89898382b555deaac5ede5f1d2a8ebfe5845f1b75dc689,446345030,1086140806c054498ca4cb14b32a4041a3647b12,UPN47_classI,UPN47,1,2,1,I,HLA-A*02:01;HLA-A*26:01;HLA-B*07:02;HLA-B*40:01;HLA-C*03:04;HLA-C*07:02,COMPLETE,6,Orbitrap Fusion Lumos,Homo sapiens,peripheral blood,chronic lymphocytic leukemia,W6/32 (pan-HLA class I),EXACT,yes,
UPN47_class_I_Rep3.raw,b2f66519db73b9bc87a2fe86be5b41d442d17d0dea7e13b7fda63fed83b0a460,448937024,d216f6f27063af85dc5b1da040b21ac6d4a75cc8,UPN47_classI,UPN47,1,3,1,I,HLA-A*02:01;HLA-A*26:01;HLA-B*07:02;HLA-B*40:01;HLA-C*03:04;HLA-C*07:02,COMPLETE,6,Orbitrap Fusion Lumos,Homo sapiens,peripheral blood,chronic lymphocytic leukemia,W6/32 (pan-HLA class I),EXACT,yes,
UPN47_class_II_Rep1.raw,034778afd0483e719a8d92a4f5496b17838b334eba2c7cbc2d4a598443899ec3,746425898,2e317c6e07e44bad63801cc489c24db42093920e,UPN47_classII,UPN47,1,1,1,II,HLA-A*02:01;HLA-A*26:01;HLA-B*07:02;HLA-B*40:01;HLA-C*03:04;HLA-C*07:02,NA,,Orbitrap Fusion Lumos,Homo sapiens,peripheral blood,chronic lymphocytic leukemia,L243 (HLA-DR);Tue39 (pan-HLA class II),EXACT,no,class II
UPN47_class_II_Rep2.raw,53496dcd55931784acfb7a4ae46ed3413e000ad199f99b8a8d03029b17fbe0ef,748117670,0c229d4fc8229f5820a76d65429dc0e40556bacd,UPN47_classII,UPN47,1,2,1,II,HLA-A*02:01;HLA-A*26:01;HLA-B*07:02;HLA-B*40:01;HLA-C*03:04;HLA-C*07:02,NA,,Orbitrap Fusion Lumos,Homo sapiens,peripheral blood,chronic lymphocytic leukemia,L243 (HLA-DR);Tue39 (pan-HLA class II),EXACT,no,class II
UPN47_class_II_Rep3.raw,c36cf1755cca8efffb189455cc4914d49832d5f03ba7208283b232fb457b6a76,743595366,eef6362e9d4db80f517d5a4c185e3b954182ed8d,UPN47_classII,UPN47,1,3,1,II,HLA-A*02:01;HLA-A*26:01;HLA-B*07:02;HLA-B*40:01;HLA-C*03:04;HLA-C*07:02,NA,,Orbitrap Fusion Lumos,Homo sapiens,peripheral blood,chronic lymphocytic leukemia,L243 (HLA-DR);Tue39 (pan-HLA class II),EXACT,no,class II
UPN48_class_I_Rep1.raw,10ec5b4c4d2ea612e2d28e209fdc966478886d2362c959d1c6aed82b259434e9,463274722,035ca9de7442ea576f70af6c369b9d3d3fbd0d9e,UPN48_classI,UPN48,1,1,1,I,HLA-A*02:01;HLA-A*11:01;HLA-B*40:01;HLA-B*44:02;HLA-C*03:04;HLA-C*05:01,COMPLETE,6,Orbitrap Fusion Lumos,Homo sapiens,peripheral blood,chronic lymphocytic leukemia,W6/32 (pan-HLA class I),EXACT,yes,
UPN48_class_I_Rep2.raw,49579636fb10870c82113919c4a29b37fab082f3e541659c95962081e373f6ce,463283530,20e441730ae51063c164e2897c574a480ccaec58,UPN48_classI,UPN48,1,2,1,I,HLA-A*02:01;HLA-A*11:01;HLA-B*40:01;HLA-B*44:02;HLA-C*03:04;HLA-C*05:01,COMPLETE,6,Orbitrap Fusion Lumos,Homo sapiens,peripheral blood,chronic lymphocytic leukemia,W6/32 (pan-HLA class I),EXACT,yes,
UPN48_class_I_Rep3.raw,f5e53db7de4168fe713d43b82aa86b1e5dad0cd830c974a2e6dc5a11961de67b,460782980,b46a7dc02d9090ae87be0eebe55b979e6d1e7a06,UPN48_classI,UPN48,1,3,1,I,HLA-A*02:01;HLA-A*11:01;HLA-B*40:01;HLA-B*44:02;HLA-C*03:04;HLA-C*05:01,COMPLETE,6,Orbitrap Fusion Lumos,Homo sapiens,peripheral blood,chronic lymphocytic leukemia,W6/32 (pan-HLA class I),EXACT,yes,
UPN48_class_II_Rep1.raw,3b890cf2dc17f1ea89cfc0fa1915a205a51b4dd1803ea820a873bd94e7036abb,676788310,43b5c15618c16240e17efaba3981efcc35f6b52b,UPN48_classII,UPN48,1,1,1,II,HLA-A*02:01;HLA-A*11:01;HLA-B*40:01;HLA-B*44:02;HLA-C*03:04;HLA-C*05:01,NA,,Orbitrap Fusion Lumos,Homo sapiens,peripheral blood,chronic lymphocytic leukemia,L243 (HLA-DR);Tue39 (pan-HLA class II),EXACT,no,class II
UPN48_class_II_Rep2.raw,779cd0f039c0bb7a9f2f87e4ef6c098a5f37f0eec4b710b4c78e7b847b2c51b4,668738962,8a2b5046c196eafcc7ded7f423878e1450c14c09,UPN48_classII,UPN48,1,2,1,II,HLA-A*02:01;HLA-A*11:01;HLA-B*40:01;HLA-B*44:02;HLA-C*03:04;HLA-C*05:01,NA,,Orbitrap Fusion Lumos,Homo sapiens,peripheral blood,chronic lymphocytic leukemia,L243 (HLA-DR);Tue39 (pan-HLA class II),EXACT,no,class II
UPN48_class_II_Rep3.raw,af85eb357347dca71d764f0e216b9440f0928c1842bef625a901a885b03076a6,672095162,22e3480ab683d3a42c7db1b6ec9c130e6d1ee34d,UPN48_classII,UPN48,1,3,1,II,HLA-A*02:01;HLA-A*11:01;HLA-B*40:01;HLA-B*44:02;HLA-C*03:04;HLA-C*05:01,NA,,Orbitrap Fusion Lumos,Homo sapiens,peripheral blood,chronic lymphocytic leukemia,L243 (HLA-DR);Tue39 (pan-HLA class II),EXACT,no,class II
UPN49_class_I_Rep1.raw,efda6a503a4bac56f6d809fa53204cf232e15e21de2cc545a7872f817d0060bf,442442960,f0b6aa5de776efeba44cb008f4360b867acc532a,UPN49_classI,UPN49,1,1,1,I,HLA-A*02:01;HLA-B*08:01;HLA-B*40:01;HLA-C*03:04;HLA-C*07:02,PARTIAL,5,Orbitrap Fusion Lumos,Homo sapiens,peripheral blood,chronic lymphocytic leukemia,W6/32 (pan-HLA class I),EXACT,yes,
UPN49_class_I_Rep2.raw,61055ad773ee2653778caa258b16f1c3a6aaf130edbf876f6be560aacfef7283,446980680,2066e6a465cde2392a82ba97246a9dbf5320c52d,UPN49_classI,UPN49,1,2,1,I,HLA-A*02:01;HLA-B*08:01;HLA-B*40:01;HLA-C*03:04;HLA-C*07:02,PARTIAL,5,Orbitrap Fusion Lumos,Homo sapiens,peripheral blood,chronic lymphocytic leukemia,W6/32 (pan-HLA class I),EXACT,yes,
UPN49_class_I_Rep3.raw,41e39e96aa9ee40863f50ce6436a357c21e81674df5c0a73b7c2c4aefb373ab7,453053496,a102bbcaca4d4d25325631abff6262d51f1d3fdd,UPN49_classI,UPN49,1,3,1,I,HLA-A*02:01;HLA-B*08:01;HLA-B*40:01;HLA-C*03:04;HLA-C*07:02,PARTIAL,5,Orbitrap Fusion Lumos,Homo sapiens,peripheral blood,chronic lymphocytic leukemia,W6/32 (pan-HLA class I),EXACT,yes,
UPN49_class_II_Rep1.raw,183a0d59874e6018a5c82e944a524bbcbae8ea1a7d507a5628fc19e0a005dbc3,685904480,bfd176ab45eda9865a3a0fe4c42d5358de4ff40d,UPN49_classII,UPN49,1,1,1,II,HLA-A*02:01;HLA-B*08:01;HLA-B*40:01;HLA-C*03:04;HLA-C*07:02,NA,,Orbitrap Fusion Lumos,Homo sapiens,peripheral blood,chronic lymphocytic leukemia,L243 (HLA-DR);Tue39 (pan-HLA class II),EXACT,no,class II
UPN49_class_II_Rep2.raw,2915630f59e1fc64814392e66ba7133fc3a18a467a7280bfe30d66dd9c5a376f,682890690,ca80670354dd27e99be9de9956e72546a675d886,UPN49_classII,UPN49,1,2,1,II,HLA-A*02:01;HLA-B*08:01;HLA-B*40:01;HLA-C*03:04;HLA-C*07:02,NA,,Orbitrap Fusion Lumos,Homo sapiens,peripheral blood,chronic lymphocytic leukemia,L243 (HLA-DR);Tue39 (pan-HLA class II),EXACT,no,class II
UPN49_class_II_Rep3.raw,17fbe910dd51eafe477e600fb9adb6205d22d34bfcb412d1a30a325273babf31,685368670,4ba68900dc6474d2dd4faa0bebe5d8c6cfcacae5,UPN49_classII,UPN49,1,3,1,II,HLA-A*02:01;HLA-B*08:01;HLA-B*40:01;HLA-C*03:04;HLA-C*07:02,NA,,Orbitrap Fusion Lumos,Homo sapiens,peripheral blood,chronic lymphocytic leukemia,L243 (HLA-DR);Tue39 (pan-HLA class II),EXACT,no,class II
UPN50_class_I_Rep1.raw,4806e5416f6a6a7425533c0f928fc0cf587a85fc78585c6967806acd005e36fc,502546058,8aba05fb1b9818c8060cf262dccd2ec1b2854455,UPN50_classI,UPN50,1,1,1,I,HLA-A*11:01;HLA-A*68:01;HLA-B*08:01;HLA-B*35:01;HLA-C*04:01;HLA-C*07:02,COMPLETE,6,Orbitrap Fusion Lumos,Homo sapiens,peripheral blood,chronic lymphocytic leukemia,W6/32 (pan-HLA class I),EXACT,yes,
UPN50_class_I_Rep2.raw,f9b696522c71c830c4451b2b892901944a20f36a7740a276ae6da2d60302e49b,503751244,cef8dd4497b32758518d0d2a639df98e1a4a8a57,UPN50_classI,UPN50,1,2,1,I,HLA-A*11:01;HLA-A*68:01;HLA-B*08:01;HLA-B*35:01;HLA-C*04:01;HLA-C*07:02,COMPLETE,6,Orbitrap Fusion Lumos,Homo sapiens,peripheral blood,chronic lymphocytic leukemia,W6/32 (pan-HLA class I),EXACT,yes,
UPN50_class_I_Rep3.raw,ef540a7db06c0f95b6fa4b79f97b63cedf4548d35b6237cc10d16f1a11dafab0,503306138,6b973bf8d7005b44e9d7b7ca92f21aa7a487725e,UPN50_classI,UPN50,1,3,1,I,HLA-A*11:01;HLA-A*68:01;HLA-B*08:01;HLA-B*35:01;HLA-C*04:01;HLA-C*07:02,COMPLETE,6,Orbitrap Fusion Lumos,Homo sapiens,peripheral blood,chronic lymphocytic leukemia,W6/32 (pan-HLA class I),EXACT,yes,
UPN50_class_II_Rep1.raw,af95938113cedc87f61597a6e4be41b161e9cb9807c6b5122ffde59a0de55638,652628366,6beaff39cfb7042bc954ce41120a4ecbf7cab643,UPN50_classII,UPN50,1,1,1,II,HLA-A*11:01;HLA-A*68:01;HLA-B*08:01;HLA-B*35:01;HLA-C*04:01;HLA-C*07:02,NA,,Orbitrap Fusion Lumos,Homo sapiens,peripheral blood,chronic lymphocytic leukemia,L243 (HLA-DR);Tue39 (pan-HLA class II),EXACT,no,class II
UPN50_class_II_Rep2.raw,4abffd67e7e7c5b622d34b3c1d52f59f330bc8ac7614d49f13d165cacdc85963,663656550,9972d9748269692a0318562465c2cafc39fec933,UPN50_classII,UPN50,1,2,1,II,HLA-A*11:01;HLA-A*68:01;HLA-B*08:01;HLA-B*35:01;HLA-C*04:01;HLA-C*07:02,NA,,Orbitrap Fusion Lumos,Homo sapiens,peripheral blood,chronic lymphocytic leukemia,L243 (HLA-DR);Tue39 (pan-HLA class II),EXACT,no,class II
UPN50_class_II_Rep3.raw,392843b01cb3ebe72b931f97e04de73fe6a612bcd119065449d6cd7005ace3e1,658315554,aa0bfc90c0fe792b9764ab2ff473f70c9948ea8b,UPN50_classII,UPN50,1,3,1,II,HLA-A*11:01;HLA-A*68:01;HLA-B*08:01;HLA-B*35:01;HLA-C*04:01;HLA-C*07:02,NA,,Orbitrap Fusion Lumos,Homo sapiens,peripheral blood,chronic lymphocytic leukemia,L243 (HLA-DR);Tue39 (pan-HLA class II),EXACT,no,class II
UPN51_class_I_Rep1.raw,515d1693ff3c26e9b823660d8b2f1e06200730eb31efb73e3f8126d5847fc4a2,574190572,52a46de82f122ba53799486c9a48b70e27d09c30,UPN51_classI,UPN51,1,1,1,I,HLA-A*01:01;HLA-A*24:02;HLA-B*15:01;HLA-B*40:01;HLA-C*02:02;HLA-C*07:02,COMPLETE,6,Orbitrap Fusion Lumos,Homo sapiens,peripheral blood,chronic lymphocytic leukemia,W6/32 (pan-HLA class I),EXACT,yes,
UPN51_class_I_Rep2.raw,bdfc2c513122ff9b411598a00753aeb0b36b82a4aabf1ffd592e468b42a05fe7,591801278,8e8afc97be9ace1027f4b4ba922a54f64bdf3a09,UPN51_classI,UPN51,1,2,1,I,HLA-A*01:01;HLA-A*24:02;HLA-B*15:01;HLA-B*40:01;HLA-C*02:02;HLA-C*07:02,COMPLETE,6,Orbitrap Fusion Lumos,Homo sapiens,peripheral blood,chronic lymphocytic leukemia,W6/32 (pan-HLA class I),EXACT,yes,
UPN51_class_I_Rep3.raw,74f3899613c55cb4b44fd69b927b355ef21eecde656d6e5448925c7817cbd425,594269426,2054f6e85d560f1c1e464b99ab580dfa28a6a4f1,UPN51_classI,UPN51,1,3,1,I,HLA-A*01:01;HLA-A*24:02;HLA-B*15:01;HLA-B*40:01;HLA-C*02:02;HLA-C*07:02,COMPLETE,6,Orbitrap Fusion Lumos,Homo sapiens,peripheral blood,chronic lymphocytic leukemia,W6/32 (pan-HLA class I),EXACT,yes,
UPN51_class_II_Rep1.raw,e73c8f361b51c663fea902cb09d1ded039c67a20ab67c34133641234e2f5c906,737294486,e4a7ddd30f47561c1a02658abcf0bbdbc4af027d,UPN51_classII,UPN51,1,1,1,II,HLA-A*01:01;HLA-A*24:02;HLA-B*15:01;HLA-B*40:01;HLA-C*02:02;HLA-C*07:02,NA,,Orbitrap Fusion Lumos,Homo sapiens,peripheral blood,chronic lymphocytic leukemia,L243 (HLA-DR);Tue39 (pan-HLA class II),EXACT,no,class II
UPN51_class_II_Rep2.raw,e1a9f74886f0c05477d3dc8b8b48bd3b3caaafc0a1a2d492887c5a2b79989e8d,757977774,5a4c21388f870e1d9aa349c8bf805e63e8319f81,UPN51_classII,UPN51,1,2,1,II,HLA-A*01:01;HLA-A*24:02;HLA-B*15:01;HLA-B*40:01;HLA-C*02:02;HLA-C*07:02,NA,,Orbitrap Fusion Lumos,Homo sapiens,peripheral blood,chronic lymphocytic leukemia,L243 (HLA-DR);Tue39 (pan-HLA class II),EXACT,no,class II
UPN51_class_II_Rep3.raw,9fb3c494780f73a5379f99241d295c9906d09228f1a031d8c6588790c5468f2a,746521964,6257469f6ff377d470222b23b40536e84a2ca972,UPN51_classII,UPN51,1,3,1,II,HLA-A*01:01;HLA-A*24:02;HLA-B*15:01;HLA-B*40:01;HLA-C*02:02;HLA-C*07:02,NA,,Orbitrap Fusion Lumos,Homo sapiens,peripheral blood,chronic lymphocytic leukemia,L243 (HLA-DR);Tue39 (pan-HLA class II),EXACT,no,class II
UPN52_class_I_Rep1.raw,723bed709297c972156d54968213e056c9f3872a39ceeac7e6c764a7d45ad039,568785056,f27e5a9f68ea225d3dea48ac0ed239974cae70d9,UPN52_classI,UPN52,1,1,1,I,HLA-A*01:01;HLA-A*24:02;HLA-B*07:02;HLA-B*08:01;HLA-C*07:01;HLA-C*07:02,COMPLETE,6,Orbitrap Fusion Lumos,Homo sapiens,peripheral blood,chronic lymphocytic leukemia,W6/32 (pan-HLA class I),EXACT,yes,
UPN52_class_I_Rep2.raw,d67fac3ac980f9fb4946d8a88750242e38eb6add592aa167ab20b89dbed0c075,581094734,d2f30704c091173136f5c253debe3724cdfd8512,UPN52_classI,UPN52,1,2,1,I,HLA-A*01:01;HLA-A*24:02;HLA-B*07:02;HLA-B*08:01;HLA-C*07:01;HLA-C*07:02,COMPLETE,6,Orbitrap Fusion Lumos,Homo sapiens,peripheral blood,chronic lymphocytic leukemia,W6/32 (pan-HLA class I),EXACT,yes,
UPN52_class_I_Rep3.raw,c62ef361e509898d3c542bd02d4e23336afc4dfcb24d950e6bbde6ac757ee0c8,577720760,5ce7f0f2c691f2171521be8473cc19541760912e,UPN52_classI,UPN52,1,3,1,I,HLA-A*01:01;HLA-A*24:02;HLA-B*07:02;HLA-B*08:01;HLA-C*07:01;HLA-C*07:02,COMPLETE,6,Orbitrap Fusion Lumos,Homo sapiens,peripheral blood,chronic lymphocytic leukemia,W6/32 (pan-HLA class I),EXACT,yes,
UPN52_class_I_Rep4.raw,3489dc5f9278cc1bdb553fb8ff24cb34c04bf57dffa69249a77576a1b0a094c1,571642878,585ed1dd6716997022e2b2b0307454b780d901c4,UPN52_classI,UPN52,1,4,1,I,HLA-A*01:01;HLA-A*24:02;HLA-B*07:02;HLA-B*08:01;HLA-C*07:01;HLA-C*07:02,COMPLETE,6,Orbitrap Fusion Lumos,Homo sapiens,peripheral blood,chronic lymphocytic leukemia,W6/32 (pan-HLA class I),EXACT,yes,
UPN52_class_I_Rep5.raw,a72aa2fd7551d74048288d15fdcec35b69ffa47b12f85b35be937bda39dad322,561604748,0aa3ce086de142033df1af129aab8eef8b074f01,UPN52_classI,UPN52,1,5,1,I,HLA-A*01:01;HLA-A*24:02;HLA-B*07:02;HLA-B*08:01;HLA-C*07:01;HLA-C*07:02,COMPLETE,6,Orbitrap Fusion Lumos,Homo sapiens,peripheral blood,chronic lymphocytic leukemia,W6/32 (pan-HLA class I),EXACT,yes,
UPN52_class_II_Rep1.raw,0a1cce4ef53ff514a87e5f739852ecadcd9442d56faf668b444ee1ab6988046b,774018732,ea2c88c881d37eafc5d0301a6780a7462eb1a85b,UPN52_classII,UPN52,1,1,1,II,HLA-A*01:01;HLA-A*24:02;HLA-B*07:02;HLA-B*08:01;HLA-C*07:01;HLA-C*07:02,NA,,Orbitrap Fusion Lumos,Homo sapiens,peripheral blood,chronic lymphocytic leukemia,L243 (HLA-DR);Tue39 (pan-HLA class II),EXACT,no,class II
UPN52_class_II_Rep2.raw,9b224d99ecf186c017c7b7e23bac0ab4600fc76555818aff565f6ac890fbfca5,780860196,6e92cd3e3fdad705d2c6f484c615a3bbcff1cd70,UPN52_classII,UPN52,1,2,1,II,HLA-A*01:01;HLA-A*24:02;HLA-B*07:02;HLA-B*08:01;HLA-C*07:01;HLA-C*07:02,NA,,Orbitrap Fusion Lumos,Homo sapiens,peripheral blood,chronic lymphocytic leukemia,L243 (HLA-DR);Tue39 (pan-HLA class II),EXACT,no,class II
UPN52_class_II_Rep3.raw,096af87e929315c60ab714c52936d4a420e12a3f5f4b0034f4471c7670169154,770983804,ea8ec7628fb0e59c934da4c22c46ac9207390d82,UPN52_classII,UPN52,1,3,1,II,HLA-A*01:01;HLA-A*24:02;HLA-B*07:02;HLA-B*08:01;HLA-C*07:01;HLA-C*07:02,NA,,Orbitrap Fusion Lumos,Homo sapiens,peripheral blood,chronic lymphocytic leukemia,L243 (HLA-DR);Tue39 (pan-HLA class II),EXACT,no,class II
UPN52_class_II_Rep4.raw,b853c82a1f55ebce1ff0620ae45fde776c72eca2f50d14620aa0264534a21b9b,767536180,9dcaa9dc73156c9f443ba7d4be0a1e0d9396ff33,UPN52_classII,UPN52,1,4,1,II,HLA-A*01:01;HLA-A*24:02;HLA-B*07:02;HLA-B*08:01;HLA-C*07:01;HLA-C*07:02,NA,,Orbitrap Fusion Lumos,Homo sapiens,peripheral blood,chronic lymphocytic leukemia,L243 (HLA-DR);Tue39 (pan-HLA class II),EXACT,no,class II
UPN52_class_II_Rep5.raw,a1f8ff4528dee4540b22031c4529dfb646d065dfeb9664a18a5eeac6a21d2c77,748887022,f2643e3084940e151ee916ac4fcb77a7fbd33d69,UPN52_classII,UPN52,1,5,1,II,HLA-A*01:01;HLA-A*24:02;HLA-B*07:02;HLA-B*08:01;HLA-C*07:01;HLA-C*07:02,NA,,Orbitrap Fusion Lumos,Homo sapiens,peripheral blood,chronic lymphocytic leukemia,L243 (HLA-DR);Tue39 (pan-HLA class II),EXACT,no,class II
UPN53_class_II_Rep1.RAW,e9be7a0f392bec1e6db2e3dc148cfa5b9416ba2c72e461db44d3cbdd46a791f3,744806901,2bbe20a3836e168119b496dfd19f9b50a2f41dde,UPN53_classII,UPN53,1,1,1,II,,NA,,LTQ Orbitrap XL,Homo sapiens,peripheral blood,chronic lymphocytic leukemia,L243 (HLA-DR);Tue39 (pan-HLA class II),EXACT,no,class II
UPN53_class_II_Rep2.RAW,df2a7e0a2184033580426d15a71438925bff3f4a5e8f1213893159fe449331e6,1339295611,599e53866b51fe12b0f3dc590b104b25cfbc9b5b,UPN53_classII,UPN53,1,2,1,II,,NA,,LTQ Orbitrap XL,Homo sapiens,peripheral blood,chronic lymphocytic leukemia,L243 (HLA-DR);Tue39 (pan-HLA class II),EXACT,no,class II
UPN53_class_II_Rep3.RAW,69a9007cbb5868112079b5b495a6fc69591939a13a86e4729eac7ba27932ef70,759111052,dd34c3baaaf253feb776f02d349a3933d22989f2,UPN53_classII,UPN53,1,3,1,II,,NA,,LTQ Orbitrap XL,Homo sapiens,peripheral blood,chronic lymphocytic leukemia,L243 (HLA-DR);Tue39 (pan-HLA class II),EXACT,no,class II
UPN53_class_II_Rep4.RAW,92cd67644b573fe6f4b27de7d49bd5d9d39095be05fc8c03cb174f7f5aeed834,761283460,c53e9f6e95c2a47c72e97e306279831b31ac114d,UPN53_classII,UPN53,1,4,1,II,,NA,,LTQ Orbitrap XL,Homo sapiens,peripheral blood,chronic lymphocytic leukemia,L243 (HLA-DR);Tue39 (pan-HLA class II),EXACT,no,class II
UPN54_class_II_Rep1.raw,330993554ab7d3d3ffe5d1802be769bd2c9476e9727649818a2f8b2ac3dd2731,892994500,e0abfc0fe4c6f6ac644945cac0ed68ebc5cd0fbe,UPN54_classII,UPN54,1,1,1,II,,NA,,LTQ Orbitrap XL,Homo sapiens,peripheral blood,chronic lymphocytic leukemia,L243 (HLA-DR);Tue39 (pan-HLA class II),EXACT,no,class II
UPN54_class_II_Rep2.raw,e4e315bd41f1d45557649b74d5748e9bad203d5d3485ce247149fd1664327c9d,870340116,ce3768a69604c385fc870c3c97ad7dae8b3936c3,UPN54_classII,UPN54,1,2,1,II,,NA,,LTQ Orbitrap XL,Homo sapiens,peripheral blood,chronic lymphocytic leukemia,L243 (HLA-DR);Tue39 (pan-HLA class II),EXACT,no,class II
UPN54_class_II_Rep3.raw,cbb6da0c923a372b4c92c739f23f9c9ef87660f8f6643a6a81057a177feb48c1,789556504,9c78f74cf7ee3189bed15ba5fc2f691695ae4d9b,UPN54_classII,UPN54,1,3,1,II,,NA,,LTQ Orbitrap XL,Homo sapiens,peripheral blood,chronic lymphocytic leukemia,L243 (HLA-DR);Tue39 (pan-HLA class II),EXACT,no,class II
UPN55_class_II_Rep1.RAW,5fed13d0658f56a663e3eff3d41f62b773cdea7c4629bf8aed5683e128374bdd,845505202,eed220c224081d0fbe0df5410408dea6e2920f2a,UPN55_classII,UPN55,1,1,1,II,,NA,,LTQ Orbitrap XL,Homo sapiens,peripheral blood,chronic lymphocytic leukemia,L243 (HLA-DR);Tue39 (pan-HLA class II),EXACT,no,class II
UPN55_class_II_Rep2.RAW,738cbdca01606049628b240e0ae19a6f0d22f845a9d6050b2e698405814a0a88,817074732,a692f728d8d8f45fc2612e8113b3a6aa2f365774,UPN55_classII,UPN55,1,2,1,II,,NA,,LTQ Orbitrap XL,Homo sapiens,peripheral blood,chronic lymphocytic leukemia,L243 (HLA-DR);Tue39 (pan-HLA class II),EXACT,no,class II
UPN55_class_II_Rep3.RAW,d452fbbe323e6f4052da87138d82c6e0ab06ef5f3d9fc4fee6dc9e749cbef4c3,749887040,9a17cfb446169eb49bc6556f3b2348465c55f6a3,UPN55_classII,UPN55,1,3,1,II,,NA,,LTQ Orbitrap XL,Homo sapiens,peripheral blood,chronic lymphocytic leukemia,L243 (HLA-DR);Tue39 (pan-HLA class II),EXACT,no,class II
UPN56_class_II_Rep1.raw,147685c0ecaa9cbcfa5060a3ae702bafbc4cc0a0aa8d5c257ed806b2e12d8e77,837248090,53061090db18a9aba5c7b764bd2358e7fb896f8d,UPN56_classII,UPN56,1,1,1,II,,NA,,Orbitrap Fusion Lumos,Homo sapiens,peripheral blood,chronic lymphocytic leukemia,L243 (HLA-DR);Tue39 (pan-HLA class II),EXACT,no,class II
UPN56_class_II_Rep2.raw,3f2447d56c85248149cc918ed0bdc1c2a1346406ae92794197f69ac74cebce2e,833910248,a94851324eb85e1d493e8cf61ef4067bd2d1c986,UPN56_classII,UPN56,1,2,1,II,,NA,,Orbitrap Fusion Lumos,Homo sapiens,peripheral blood,chronic lymphocytic leukemia,L243 (HLA-DR);Tue39 (pan-HLA class II),EXACT,no,class II
UPN56_class_II_Rep3.raw,9b68e45b5945726c9e87891d29fd2703e9435948ead69b451f7987c75882230d,836298796,2797a2c7ca69987982b468ebbdaf7138ac31adb4,UPN56_classII,UPN56,1,3,1,II,,NA,,Orbitrap Fusion Lumos,Homo sapiens,peripheral blood,chronic lymphocytic leukemia,L243 (HLA-DR);Tue39 (pan-HLA class II),EXACT,no,class II
UPN57_class_II_Rep1.raw,beff1dcb9914422f29195838870144e8b2cafbf8090ae7ca757740fb94796b6f,689974742,8dd67f534429c01ec4d54dfc380e224cb8b70b50,UPN57_classII,UPN57,1,1,1,II,,NA,,Orbitrap Fusion Lumos,Homo sapiens,peripheral blood,chronic lymphocytic leukemia,L243 (HLA-DR);Tue39 (pan-HLA class II),EXACT,no,class II
UPN57_class_II_Rep2.raw,4f1daba26c5129ca3c27739aa7c05131f4709446d0483ee90aaa5085f7d8619d,694145862,9041d08bb76770d5cf92ea28a8d0de3b94cd641e,UPN57_classII,UPN57,1,2,1,II,,NA,,Orbitrap Fusion Lumos,Homo sapiens,peripheral blood,chronic lymphocytic leukemia,L243 (HLA-DR);Tue39 (pan-HLA class II),EXACT,no,class II
UPN57_class_II_Rep3.raw,10d2885fe9139a12419d488d5b61ffbce01ac27f4ac3c46143da5c6f9e3ee550,688605530,285ec0afc228f8271453feaa2f57baab8a305898,UPN57_classII,UPN57,1,3,1,II,,NA,,Orbitrap Fusion Lumos,Homo sapiens,peripheral blood,chronic lymphocytic leukemia,L243 (HLA-DR);Tue39 (pan-HLA class II),EXACT,no,class II
UPN58_class_II_Rep1.raw,04346e3b41c69cf8af1b1f4dbc32ac304bff598f93d4da3f505415191719d18d,687909982,ab24aca651fd5ebc5bfb43eb7db79f72d05006eb,UPN58_classII,UPN58,1,1,1,II,,NA,,Orbitrap Fusion Lumos,Homo sapiens,peripheral blood,chronic lymphocytic leukemia,L243 (HLA-DR);Tue39 (pan-HLA class II),EXACT,no,class II
UPN58_class_II_Rep2.raw,8c7cd9b137f34a4a0bd76d554d557646a597d543fa0ebb175cfbae6d57b13309,690395592,c1e9f4fcb915ba4caabc83372d33f17ca6fe3a8a,UPN58_classII,UPN58,1,2,1,II,,NA,,Orbitrap Fusion Lumos,Homo sapiens,peripheral blood,chronic lymphocytic leukemia,L243 (HLA-DR);Tue39 (pan-HLA class II),EXACT,no,class II
UPN58_class_II_Rep3.raw,b5c38a259e0a4333de1344114aaeef78d3cf0b93df02e6df7d142d2f5d332199,691117244,af6e5817588e76339f14da631376365f5c68aec7,UPN58_classII,UPN58,1,3,1,II,,NA,,Orbitrap Fusion Lumos,Homo sapiens,peripheral blood,chronic lymphocytic leukemia,L243 (HLA-DR);Tue39 (pan-HLA class II),EXACT,no,class II
UPN59_class_II_Rep1.raw,f160ea7c6ac7752a7d08495e7a352a5274eabc62a3a8894dd2e641fdae30362c,628328482,145a07940d7f604f249178dac542bce022079be9,UPN59_classII,UPN59,1,1,1,II,,NA,,Orbitrap Fusion Lumos,Homo sapiens,peripheral blood,chronic lymphocytic leukemia,L243 (HLA-DR);Tue39 (pan-HLA class II),EXACT,no,class II
UPN59_class_II_Rep2.raw,f3909f378aeef983598efc3be91a939eb3f80d3be7eabb06fcef7f98878f9c22,631425348,8a09ad31a70e8381ba3436b61a1bd8172e717881,UPN59_classII,UPN59,1,2,1,II,,NA,,Orbitrap Fusion Lumos,Homo sapiens,peripheral blood,chronic lymphocytic leukemia,L243 (HLA-DR);Tue39 (pan-HLA class II),EXACT,no,class II
UPN59_class_II_Rep3.raw,851fa47e0b8593a1ed727fe29d64e005d63a803ea01245e09ed28dac36aad6e3,633875216,96ad9da830c44bb478bf64e2ae7310dbd2b3deb7,UPN59_classII,UPN59,1,3,1,II,,NA,,Orbitrap Fusion Lumos,Homo sapiens,peripheral blood,chronic lymphocytic leukemia,L243 (HLA-DR);Tue39 (pan-HLA class II),EXACT,no,class II
UPN60_class_II_Rep1.raw,eaea17ecfe151d77895aaccc8a78c5c45a176e38802b88bc7c7bc9b18c1cee33,686224108,4587094c8d8b95553600d39805957df7790fea37,UPN60_classII,UPN60,1,1,1,II,,NA,,Orbitrap Fusion Lumos,Homo sapiens,peripheral blood,chronic lymphocytic leukemia,L243 (HLA-DR);Tue39 (pan-HLA class II),EXACT,no,class II
UPN60_class_II_Rep2.raw,5ff538dbb6c860040b588b9a3296a11128d0d2faacca46e9706c512ef7c4d6ed,704469898,6f6d86df7157674c59dc791c58a8263d81bbae24,UPN60_classII,UPN60,1,2,1,II,,NA,,Orbitrap Fusion Lumos,Homo sapiens,peripheral blood,chronic lymphocytic leukemia,L243 (HLA-DR);Tue39 (pan-HLA class II),EXACT,no,class II
UPN60_class_II_Rep3.raw,614cd1020a513845a6b9caf73250ebe9a4e183b1b3e0c958059c756b3d0733ad,701894072,34121f7795bed565dac5cd5f49126ac595bfe732,UPN60_classII,UPN60,1,3,1,II,,NA,,Orbitrap Fusion Lumos,Homo sapiens,peripheral blood,chronic lymphocytic leukemia,L243 (HLA-DR);Tue39 (pan-HLA class II),EXACT,no,class II
UPN61_class_II_Rep1.raw,c4142dec31136005c723573318754cbdd32a43fe004de1de378d0f0acc3ee469,751648640,73bd5ae505fe74a7f2c569aec352042f1c62f01b,UPN61_classII,UPN61,1,1,1,II,,NA,,Orbitrap Fusion Lumos,Homo sapiens,peripheral blood,chronic lymphocytic leukemia,L243 (HLA-DR);Tue39 (pan-HLA class II),EXACT,no,class II
UPN61_class_II_Rep2.raw,e7bf3b314bf8189cebf7ae8d4301b052303a92f85d47dcfa421baa9f60cc1ebf,752321484,e593e0b50d4da092d2072d7f66107176fc702cd9,UPN61_classII,UPN61,1,2,1,II,,NA,,Orbitrap Fusion Lumos,Homo sapiens,peripheral blood,chronic lymphocytic leukemia,L243 (HLA-DR);Tue39 (pan-HLA class II),EXACT,no,class II
UPN61_class_II_Rep3.raw,e55cc382aec2b02f1eb6087944c26a2e106f5e133f15e653ab4ed3064e1a8bdb,754430508,3bf478a20b847dec55660201fbcff36004a090c5,UPN61_classII,UPN61,1,3,1,II,,NA,,Orbitrap Fusion Lumos,Homo sapiens,peripheral blood,chronic lymphocytic leukemia,L243 (HLA-DR);Tue39 (pan-HLA class II),EXACT,no,class II
UPN61_class_II_Rep4.raw,a0620bb3ebeb20afdbcc288acdd7fc6271faebb26c8ce5f34b45a17c3a1084c5,742773090,e1e0d546deee5b5303be99305616063bc30e26c4,UPN61_classII,UPN61,1,4,1,II,,NA,,Orbitrap Fusion Lumos,Homo sapiens,peripheral blood,chronic lymphocytic leukemia,L243 (HLA-DR);Tue39 (pan-HLA class II),EXACT,no,class II
UPN61_class_II_Rep5.raw,265a9fd78c144f69a8aaa34806d362866db4404f902d1cfd3f5a78a8f92a91f0,738848696,87a4b347a46c0c2a44e4837ef26f3fa5ef92ff21,UPN61_classII,UPN61,1,5,1,II,,NA,,Orbitrap Fusion Lumos,Homo sapiens,peripheral blood,chronic lymphocytic leukemia,L243 (HLA-DR);Tue39 (pan-HLA class II),EXACT,no,class II
UPN61_class_II_Rep6.raw,e3c4cfb6ad26273abe51c66b379add880c43ed756135a59537641fe3b795e154,689616212,76a49aa576e07b2de60ae81f8d9bcbf0461ace0b,UPN61_classII,UPN61,1,6,1,II,,NA,,Orbitrap Fusion Lumos,Homo sapiens,peripheral blood,chronic lymphocytic leukemia,L243 (HLA-DR);Tue39 (pan-HLA class II),EXACT,no,class II
UPN61_class_II_Rep7.raw,1a3045cf5113f00ce337aebe2a9dfe995eb087bfa1026336016f1bb484c685b6,748696506,6be5b67e80415c27b902b31642c4585fe5df54b0,UPN61_classII,UPN61,1,7,1,II,,NA,,Orbitrap Fusion Lumos,Homo sapiens,peripheral blood,chronic lymphocytic leukemia,L243 (HLA-DR);Tue39 (pan-HLA class II),EXACT,no,class II
UPN61_class_II_Rep8.raw,6db7faf2ae0aace0c4efd47b6030e53bffc5584a8ca5311320965773a62c2e61,747520772,4bdfcd6f146bebc76b290a0ddb13bb46c0570698,UPN61_classII,UPN61,1,8,1,II,,NA,,Orbitrap Fusion Lumos,Homo sapiens,peripheral blood,chronic lymphocytic leukemia,L243 (HLA-DR);Tue39 (pan-HLA class II),EXACT,no,class II
UPN61_class_II_Rep9.raw,a6fd68353cc195bc6f51308d06b3454be93e3eee74591d9b060a591d772b2d02,738924126,c150a2af19ad9db4877f5fddc53226a8fd1464c3,UPN61_classII,UPN61,1,9,1,II,,NA,,Orbitrap Fusion Lumos,Homo sapiens,peripheral blood,chronic lymphocytic leukemia,L243 (HLA-DR);Tue39 (pan-HLA class II),EXACT,no,class II
UPN61_class_II_Rep10.raw,99ff2952bb7c8fb53357f62eb236fe9f9c57b58dc621b5251f862f3561a30c92,737936296,42fda138da380820c85d0c937db85297f12ca390,UPN61_classII,UPN61,1,10,1,II,,NA,,Orbitrap Fusion Lumos,Homo sapiens,peripheral blood,chronic lymphocytic leukemia,L243 (HLA-DR);Tue39 (pan-HLA class II),EXACT,no,class II
